episode,step,hour,rebalance_cost,num_rebalances,total_demand,total_served,service_rate,reward
1,0,1,0.0,0,141.0,141.0,1.0,0.564
1,1,2,0.0,0,272.0,272.0,1.0,0.524
1,2,3,0.0,0,391.0,391.0,1.0,0.476
1,3,4,0.0,0,530.0,530.0,1.0,0.556
1,4,5,0.0,0,657.0,657.0,1.0,0.508
1,5,6,0.0,0,795.0,795.0,1.0,0.552
1,6,7,0.0,0,958.0,958.0,1.0,0.652
1,7,8,0.0,0,1149.0,1149.0,1.0,0.764
1,8,9,0.0,0,1435.0,1435.0,1.0,1.144
1,9,10,25.219074726104736,3,1646.0,1646.0,1.0,0.8187809252738952
1,10,11,12.534927368164062,1,1831.0,1831.0,1.0,0.7274650726318359
1,11,12,0.0,0,2052.0,2052.0,1.0,0.884
1,12,13,14.780762434005737,2,2297.0,2297.0,1.0,0.9652192375659943
1,13,14,0.0,0,2498.0,2498.0,1.0,0.804
1,14,15,0.0,0,2725.0,2725.0,1.0,0.908
1,15,16,65.5805572271347,6,2937.0,2937.0,1.0,0.7824194427728653
1,16,17,0.0,0,3188.0,3188.0,1.0,1.004
1,17,18,0.0,0,3460.0,3460.0,1.0,1.088
1,18,19,19.857012033462524,2,3761.0,3761.0,1.0,1.1841429879665375
1,19,20,0.0,0,4023.0,4023.0,1.0,1.048
1,20,21,17.380571365356445,2,4217.0,4217.0,1.0,0.7586194286346436
1,21,22,11.648990631103516,1,4390.0,4390.0,1.0,0.6803510093688965
1,22,23,0.0,0,4556.0,4556.0,1.0,0.664
1,23,24,0.0,0,4722.0,4722.0,1.0,0.664
1,24,25,12.960026264190674,2,4880.0,4880.0,1.0,0.6190399737358093
1,25,26,16.32982063293457,1,5020.0,5020.0,1.0,0.5436701793670654
1,26,27,22.49702548980713,2,5158.0,5158.0,1.0,0.5295029745101929
1,27,28,16.55893325805664,1,5277.0,5277.0,1.0,0.45944106674194335
1,28,29,0.0,0,5387.0,5387.0,1.0,0.44
1,29,30,27.28222370147705,2,5505.0,5505.0,1.0,0.44471777629852294
1,30,31,0.0,0,5642.0,5642.0,1.0,0.548
1,31,32,21.127817153930664,2,5854.0,5854.0,1.0,0.8268721828460693
1,32,33,0.0,0,6095.0,6095.0,1.0,0.964
1,33,34,0.0,0,6289.0,6289.0,1.0,0.776
1,34,35,31.00545024871826,2,6484.0,6484.0,1.0,0.7489945497512818
1,35,36,0.0,0,6682.0,6682.0,1.0,0.792
1,36,37,57.5692024230957,4,6906.0,6906.0,1.0,0.8384307975769043
1,37,38,16.276210069656372,2,7149.0,7149.0,1.0,0.9557237899303437
1,38,39,0.0,0,7356.0,7356.0,1.0,0.828
1,39,40,18.534367561340332,2,7562.0,7562.0,1.0,0.8054656324386597
1,40,41,23.180271983146667,2,7815.0,7815.0,1.0,0.9888197280168534
1,41,42,14.628633499145508,2,8110.0,8110.0,1.0,1.1653713665008545
1,42,43,47.32998514175415,5,8422.0,8422.0,1.0,1.2006700148582459
1,43,44,19.644443035125732,2,8650.0,8650.0,1.0,0.8923555569648742
1,44,45,0.0,0,8839.0,8839.0,1.0,0.756
1,45,46,21.668570041656494,2,9025.0,9025.0,1.0,0.7223314299583435
1,46,47,11.05444622039795,1,9224.0,9224.0,1.0,0.7849455537796021
1,47,48,0.0,0,9403.0,9403.0,1.0,0.716
1,48,49,45.34571361541748,4,9532.0,9532.0,1.0,0.4706542863845825
1,49,50,12.038808345794678,1,9669.0,9669.0,1.0,0.5359611916542053
1,50,51,15.872434377670288,1,9819.0,9819.0,1.0,0.5841275656223297
1,51,52,0.0,0,9952.0,9952.0,1.0,0.532
1,52,53,7.038572788238525,1,10066.0,10066.0,1.0,0.44896142721176147
1,53,54,32.196797370910645,4,10204.0,10204.0,1.0,0.5198032026290893
1,54,55,0.0,0,10359.0,10359.0,1.0,0.62
1,55,56,0.0,0,10545.0,10545.0,1.0,0.744
1,56,57,8.94868016242981,1,10803.0,10803.0,1.0,1.0230513198375701
1,57,58,0.0,0,11037.0,11037.0,1.0,0.936
1,58,59,14.678782224655151,2,11228.0,11228.0,1.0,0.7493212177753449
1,59,60,9.797537803649902,1,11433.0,11433.0,1.0,0.8102024621963501
1,60,61,19.72889757156372,2,11634.0,11634.0,1.0,0.7842711024284362
1,61,62,14.712788581848145,1,11851.0,11851.0,1.0,0.8532872114181519
1,62,63,0.0,0,12048.0,12048.0,1.0,0.788
1,63,64,25.437119007110596,2,12291.0,12291.0,1.0,0.9465628809928894
1,64,65,14.054553508758545,2,12552.0,12552.0,1.0,1.0299454464912414
1,65,66,33.254679918289185,3,12846.0,12846.0,1.0,1.1427453200817108
1,66,67,37.35822916030884,4,13123.0,13123.0,1.0,1.0706417708396911
1,67,68,30.882696628570557,2,13356.0,13356.0,1.0,0.9011173033714295
1,68,69,21.92849826812744,2,13593.0,13593.0,1.0,0.9260715017318726
1,69,70,24.57223892211914,2,13806.0,13806.0,1.0,0.8274277610778809
1,70,71,28.83676028251648,3,13970.0,13970.0,1.0,0.6271632397174836
1,71,72,0.0,0,14144.0,14144.0,1.0,0.696
1,72,73,0.0,0,14286.0,14286.0,1.0,0.568
1,73,74,0.0,0,14450.0,14450.0,1.0,0.656
1,74,75,20.679316759109497,2,14590.0,14590.0,1.0,0.5393206832408906
1,75,76,0.0,0,14707.0,14707.0,1.0,0.468
1,76,77,40.43326187133789,4,14832.0,14832.0,1.0,0.4595667381286621
1,77,78,0.0,0,14966.0,14966.0,1.0,0.536
1,78,79,0.0,0,15124.0,15124.0,1.0,0.632
1,79,80,0.0,0,15314.0,15314.0,1.0,0.76
1,80,81,11.235357761383057,2,15588.0,15588.0,1.0,1.084764642238617
1,81,82,10.854424238204956,1,15790.0,15790.0,1.0,0.797145575761795
1,82,83,8.600480556488037,1,16008.0,16008.0,1.0,0.863399519443512
1,83,84,0.0,0,16213.0,16213.0,1.0,0.82
1,84,85,11.745732307434082,1,16412.0,16412.0,1.0,0.7842542676925659
1,85,86,17.069430351257324,2,16623.0,16623.0,1.0,0.8269305696487427
1,86,87,20.909794569015503,2,16850.0,16850.0,1.0,0.8870902054309845
1,87,88,0.0,0,17090.0,17090.0,1.0,0.96
1,88,89,33.077189445495605,2,17310.0,17310.0,1.0,0.8469228105545044
1,89,90,12.098602294921875,1,17606.0,17606.0,1.0,1.171901397705078
1,90,91,66.87413454055786,7,17924.0,17924.0,1.0,1.2051258654594421
1,91,92,53.36816072463989,4,18185.0,18185.0,1.0,0.9906318392753601
1,92,93,9.1337890625,1,18400.0,18400.0,1.0,0.8508662109375
1,93,94,0.0,0,18579.0,18579.0,1.0,0.716
1,94,95,0.0,0,18746.0,18746.0,1.0,0.668
1,95,96,0.0,0,18880.0,18880.0,1.0,0.536
1,96,97,13.481220245361328,1,19023.0,19023.0,1.0,0.5585187797546387
1,97,98,23.81127405166626,2,19162.0,19162.0,1.0,0.5321887259483338
1,98,99,26.211256504058838,2,19287.0,19287.0,1.0,0.4737887434959412
1,99,100,0.0,0,19410.0,19410.0,1.0,0.492
1,100,101,16.85352873802185,2,19544.0,19544.0,1.0,0.5191464712619781
1,101,102,0.0,0,19680.0,19680.0,1.0,0.544
1,102,103,0.0,0,19838.0,19838.0,1.0,0.632
1,103,104,0.0,0,20052.0,20052.0,1.0,0.856
1,104,105,11.620827913284302,2,20322.0,20322.0,1.0,1.0683791720867157
1,105,106,0.0,0,20529.0,20529.0,1.0,0.828
1,106,107,27.278294563293457,2,20719.0,20719.0,1.0,0.7327217054367066
1,107,108,4.640057802200317,1,20923.0,20923.0,1.0,0.8113599421977997
1,108,109,0.0,0,21120.0,21120.0,1.0,0.788
1,109,110,0.0,0,21314.0,21314.0,1.0,0.776
1,110,111,0.0,0,21531.0,21531.0,1.0,0.868
1,111,112,10.605584383010864,2,21785.0,21785.0,1.0,1.0053944156169892
1,112,113,0.0,0,22027.0,22027.0,1.0,0.968
1,113,114,15.975957870483398,2,22340.0,22340.0,1.0,1.2360240421295166
1,114,115,36.87083339691162,4,22629.0,22629.0,1.0,1.1191291666030885
1,115,116,5.374834299087524,1,22878.0,22878.0,1.0,0.9906251657009125
1,116,117,0.0,0,23072.0,23072.0,1.0,0.776
1,117,118,22.374834537506104,2,23264.0,23264.0,1.0,0.7456251654624939
1,118,119,52.89580249786377,4,23440.0,23440.0,1.0,0.6511041975021362
1,119,120,0.0,0,23600.0,23600.0,1.0,0.64
1,120,121,7.770116806030273,1,23756.0,23756.0,1.0,0.6162298831939698
1,121,122,0.0,0,23874.0,23874.0,1.0,0.472
1,122,123,0.0,0,23993.0,23993.0,1.0,0.476
1,123,124,8.301987648010254,1,24123.0,24123.0,1.0,0.5116980123519898
1,124,125,5.1722517013549805,1,24263.0,24263.0,1.0,0.554827748298645
1,125,126,0.0,0,24398.0,24398.0,1.0,0.54
1,126,127,17.835491180419922,1,24556.0,24556.0,1.0,0.6141645088195801
1,127,128,0.0,0,24745.0,24745.0,1.0,0.756
1,128,129,9.075599670410156,1,25032.0,25032.0,1.0,1.1389244003295897
1,129,130,15.417654514312744,1,25270.0,25270.0,1.0,0.9365823454856873
1,130,131,17.61019194126129,2,25470.0,25470.0,1.0,0.7823898080587387
1,131,132,8.405944347381592,1,25676.0,25676.0,1.0,0.8155940556526184
1,132,133,42.48425340652466,4,25903.0,25903.0,1.0,0.8655157465934753
1,133,134,18.22743034362793,1,26118.0,26118.0,1.0,0.841772569656372
1,134,135,32.12015676498413,4,26336.0,26336.0,1.0,0.8398798432350159
1,135,136,24.86780309677124,2,26565.0,26565.0,1.0,0.8911321969032288
1,136,137,0.0,0,26816.0,26816.0,1.0,1.004
1,137,138,12.823378324508667,2,27101.0,27101.0,1.0,1.1271766216754913
1,138,139,24.12286949157715,2,27411.0,27411.0,1.0,1.2158771305084228
1,139,140,33.09916830062866,3,27669.0,27669.0,1.0,0.9989008316993714
1,140,141,0.0,0,27908.0,27908.0,1.0,0.956
1,141,142,13.967752933502197,2,28070.0,28070.0,1.0,0.6340322470664979
1,142,143,13.682142972946167,2,28260.0,28260.0,1.0,0.7463178570270539
1,143,144,4.758864402770996,1,28415.0,28415.0,1.0,0.615241135597229
1,144,145,0.0,0,28544.0,28544.0,1.0,0.516
1,145,146,0.0,0,28675.0,28675.0,1.0,0.524
1,146,147,0.0,0,28798.0,28798.0,1.0,0.492
1,147,148,17.171798706054688,1,28937.0,28937.0,1.0,0.5388282012939453
1,148,149,5.991755485534668,1,29066.0,29066.0,1.0,0.5100082445144654
1,149,150,6.741610765457153,1,29202.0,29202.0,1.0,0.5372583892345428
1,150,151,0.0,0,29357.0,29357.0,1.0,0.62
1,151,152,0.0,0,29562.0,29562.0,1.0,0.82
1,152,153,0.0,0,29821.0,29821.0,1.0,1.036
1,153,154,15.882538557052612,2,30009.0,30009.0,1.0,0.7361174614429474
1,154,155,0.0,0,30201.0,30201.0,1.0,0.768
1,155,156,5.560587644577026,1,30402.0,30402.0,1.0,0.7984394123554229
1,156,157,8.658753633499146,1,30641.0,30641.0,1.0,0.9473412463665009
1,157,158,20.454482316970825,2,30880.0,30880.0,1.0,0.9355455176830292
1,158,159,26.57721996307373,3,31105.0,31105.0,1.0,0.8734227800369263
1,159,160,0.0,0,31340.0,31340.0,1.0,0.94
1,160,161,0.0,0,31598.0,31598.0,1.0,1.032
1,161,162,11.56387448310852,1,31885.0,31885.0,1.0,1.1364361255168915
1,162,163,53.22064518928528,4,32162.0,32162.0,1.0,1.0547793548107147
1,163,164,25.827927589416504,2,32420.0,32420.0,1.0,1.0061720724105836
1,164,165,6.560847043991089,1,32640.0,32640.0,1.0,0.8734391529560089
1,165,166,12.737229824066162,2,32827.0,32827.0,1.0,0.7352627701759339
1,166,167,0.0,0,33002.0,33002.0,1.0,0.7
1,167,168,38.89523458480835,3,33153.0,33153.0,1.0,0.5651047654151916
2,0,1,0.0,0,124.0,124.0,1.0,0.496
2,1,2,0.0,0,244.0,244.0,1.0,0.48
2,2,3,0.0,0,378.0,378.0,1.0,0.536
2,3,4,0.0,0,503.0,503.0,1.0,0.5
2,4,5,0.0,0,626.0,626.0,1.0,0.492
2,5,6,0.0,0,760.0,760.0,1.0,0.536
2,6,7,0.0,0,925.0,925.0,1.0,0.66
2,7,8,0.0,0,1140.0,1140.0,1.0,0.86
2,8,9,0.0,0,1424.0,1424.0,1.0,1.136
2,9,10,33.78437340259552,2,1647.0,1647.0,1.0,0.8582156265974045
2,10,11,15.92517614364624,1,1844.0,1844.0,1.0,0.7720748238563537
2,11,12,0.0,0,2027.0,2027.0,1.0,0.732
2,12,13,0.0,0,2260.0,2260.0,1.0,0.932
2,13,14,29.636609077453613,2,2462.0,2462.0,1.0,0.7783633909225464
2,14,15,10.189697742462158,1,2688.0,2688.0,1.0,0.8938103022575379
2,15,16,21.305649280548096,2,2936.0,2936.0,1.0,0.9706943507194519
2,16,17,17.378087520599365,2,3171.0,3171.0,1.0,0.9226219124794006
2,17,18,0.0,0,3470.0,3470.0,1.0,1.196
2,18,19,0.0,0,3770.0,3770.0,1.0,1.2
2,19,20,0.0,0,4065.0,4065.0,1.0,1.18
2,20,21,0.0,0,4249.0,4249.0,1.0,0.736
2,21,22,20.236873626708984,2,4434.0,4434.0,1.0,0.719763126373291
2,22,23,29.19466495513916,2,4568.0,4568.0,1.0,0.5068053350448608
2,23,24,0.0,0,4725.0,4725.0,1.0,0.628
2,24,25,25.72682499885559,3,4869.0,4869.0,1.0,0.5502731750011444
2,25,26,0.0,0,5014.0,5014.0,1.0,0.58
2,26,27,0.0,0,5155.0,5155.0,1.0,0.564
2,27,28,0.0,0,5284.0,5284.0,1.0,0.516
2,28,29,9.285044431686401,1,5418.0,5418.0,1.0,0.5267149555683136
2,29,30,0.0,0,5546.0,5546.0,1.0,0.512
2,30,31,3.6743392944335938,1,5697.0,5697.0,1.0,0.6003256607055664
2,31,32,14.27151370048523,2,5898.0,5898.0,1.0,0.7897284862995148
2,32,33,0.0,0,6150.0,6150.0,1.0,1.008
2,33,34,0.0,0,6343.0,6343.0,1.0,0.772
2,34,35,49.82139849662781,4,6542.0,6542.0,1.0,0.7461786015033722
2,35,36,0.0,0,6752.0,6752.0,1.0,0.84
2,36,37,13.751858472824097,1,6971.0,6971.0,1.0,0.8622481415271759
2,37,38,33.21644353866577,2,7195.0,7195.0,1.0,0.8627835564613342
2,38,39,27.380999088287354,2,7429.0,7429.0,1.0,0.9086190009117127
2,39,40,16.33792781829834,2,7626.0,7626.0,1.0,0.7716620721817017
2,40,41,0.0,0,7884.0,7884.0,1.0,1.032
2,41,42,0.0,0,8142.0,8142.0,1.0,1.032
2,42,43,0.0,0,8448.0,8448.0,1.0,1.224
2,43,44,69.4976155757904,6,8698.0,8698.0,1.0,0.9305023844242096
2,44,45,65.81088423728943,6,8889.0,8889.0,1.0,0.6981891157627106
2,45,46,15.83132004737854,2,9068.0,9068.0,1.0,0.7001686799526214
2,46,47,0.0,0,9234.0,9234.0,1.0,0.664
2,47,48,16.038759231567383,1,9392.0,9392.0,1.0,0.6159612407684326
2,48,49,0.0,0,9528.0,9528.0,1.0,0.544
2,49,50,30.02615523338318,3,9664.0,9664.0,1.0,0.5139738447666168
2,50,51,13.377744674682617,2,9807.0,9807.0,1.0,0.5586222553253174
2,51,52,7.880055904388428,1,9935.0,9935.0,1.0,0.5041199440956116
2,52,53,0.0,0,10066.0,10066.0,1.0,0.524
2,53,54,3.801578998565674,1,10191.0,10191.0,1.0,0.49619842100143435
2,54,55,0.0,0,10369.0,10369.0,1.0,0.712
2,55,56,0.0,0,10571.0,10571.0,1.0,0.808
2,56,57,0.0,0,10844.0,10844.0,1.0,1.092
2,57,58,29.11688256263733,2,11059.0,11059.0,1.0,0.8308831174373627
2,58,59,0.0,0,11244.0,11244.0,1.0,0.74
2,59,60,26.598224639892578,2,11438.0,11438.0,1.0,0.7494017753601074
2,60,61,16.947811126708984,2,11668.0,11668.0,1.0,0.903052188873291
2,61,62,59.531142711639404,6,11853.0,11853.0,1.0,0.6804688572883606
2,62,63,22.93824815750122,2,12060.0,12060.0,1.0,0.8050617518424987
2,63,64,0.0,0,12262.0,12262.0,1.0,0.808
2,64,65,22.24326467514038,2,12517.0,12517.0,1.0,0.9977567353248596
2,65,66,19.772551774978638,2,12808.0,12808.0,1.0,1.1442274482250214
2,66,67,22.291425466537476,2,13090.0,13090.0,1.0,1.1057085745334625
2,67,68,17.344141960144043,2,13320.0,13320.0,1.0,0.9026558580398559
2,68,69,0.0,0,13568.0,13568.0,1.0,0.992
2,69,70,6.63883113861084,1,13746.0,13746.0,1.0,0.7053611688613891
2,70,71,8.850419998168945,1,13928.0,13928.0,1.0,0.719149580001831
2,71,72,26.150694847106934,3,14085.0,14085.0,1.0,0.601849305152893
2,72,73,0.0,0,14220.0,14220.0,1.0,0.54
2,73,74,0.0,0,14350.0,14350.0,1.0,0.52
2,74,75,9.32167911529541,1,14481.0,14481.0,1.0,0.5146783208847046
2,75,76,0.0,0,14605.0,14605.0,1.0,0.496
2,76,77,8.461799621582031,1,14718.0,14718.0,1.0,0.44353820037841796
2,77,78,0.0,0,14852.0,14852.0,1.0,0.536
2,78,79,8.520593643188477,1,15012.0,15012.0,1.0,0.6314794063568115
2,79,80,0.0,0,15225.0,15225.0,1.0,0.852
2,80,81,0.0,0,15497.0,15497.0,1.0,1.088
2,81,82,0.0,0,15715.0,15715.0,1.0,0.872
2,82,83,6.500210762023926,1,15889.0,15889.0,1.0,0.6894997892379761
2,83,84,0.0,0,16099.0,16099.0,1.0,0.84
2,84,85,0.0,0,16310.0,16310.0,1.0,0.844
2,85,86,0.0,0,16515.0,16515.0,1.0,0.82
2,86,87,17.145477294921875,1,16729.0,16729.0,1.0,0.8388545227050781
2,87,88,38.46698975563049,2,16929.0,16929.0,1.0,0.7615330102443695
2,88,89,7.815074443817139,1,17177.0,17177.0,1.0,0.9841849255561829
2,89,90,0.0,0,17479.0,17479.0,1.0,1.208
2,90,91,0.0,0,17763.0,17763.0,1.0,1.136
2,91,92,41.84052896499634,4,17996.0,17996.0,1.0,0.8901594710350037
2,92,93,0.0,0,18214.0,18214.0,1.0,0.872
2,93,94,8.26525628566742,1,18401.0,18401.0,1.0,0.7397347437143326
2,94,95,15.633186101913452,2,18581.0,18581.0,1.0,0.7043668138980865
2,95,96,21.61134099960327,2,18733.0,18733.0,1.0,0.5863886590003967
2,96,97,0.0,0,18883.0,18883.0,1.0,0.6
2,97,98,0.0,0,19006.0,19006.0,1.0,0.492
2,98,99,17.955917358398438,2,19124.0,19124.0,1.0,0.45404408264160157
2,99,100,0.0,0,19287.0,19287.0,1.0,0.652
2,100,101,17.281670570373535,1,19400.0,19400.0,1.0,0.43471832942962646
2,101,102,12.595715522766113,1,19534.0,19534.0,1.0,0.5234042844772339
2,102,103,18.676515817642212,2,19685.0,19685.0,1.0,0.5853234841823578
2,103,104,17.597073316574097,2,19903.0,19903.0,1.0,0.8544029266834259
2,104,105,0.0,0,20156.0,20156.0,1.0,1.012
2,105,106,35.8093318939209,3,20382.0,20382.0,1.0,0.8681906681060791
2,106,107,43.735096871852875,6,20566.0,20566.0,1.0,0.6922649031281471
2,107,108,0.0,0,20778.0,20778.0,1.0,0.848
2,108,109,9.914353370666504,1,21003.0,21003.0,1.0,0.8900856466293335
2,109,110,23.247618675231934,2,21227.0,21227.0,1.0,0.8727523813247681
2,110,111,18.354323387145996,1,21450.0,21450.0,1.0,0.873645676612854
2,111,112,44.30132579803467,4,21687.0,21687.0,1.0,0.9036986742019654
2,112,113,0.0,0,21933.0,21933.0,1.0,0.984
2,113,114,0.0,0,22248.0,22248.0,1.0,1.26
2,114,115,13.292863845825195,1,22557.0,22557.0,1.0,1.2227071361541748
2,115,116,52.626816511154175,4,22792.0,22792.0,1.0,0.8873731834888459
2,116,117,17.24933910369873,2,23007.0,23007.0,1.0,0.8427506608963012
2,117,118,0.0,0,23213.0,23213.0,1.0,0.824
2,118,119,19.232211112976074,2,23384.0,23384.0,1.0,0.6647677888870239
2,119,120,0.0,0,23551.0,23551.0,1.0,0.668
2,120,121,19.039989948272705,2,23689.0,23689.0,1.0,0.5329600100517273
2,121,122,6.116881847381592,1,23826.0,23826.0,1.0,0.5418831181526184
2,122,123,0.0,0,23957.0,23957.0,1.0,0.524
2,123,124,24.436853408813477,2,24075.0,24075.0,1.0,0.4475631465911865
2,124,125,0.0,0,24189.0,24189.0,1.0,0.456
2,125,126,0.0,0,24298.0,24298.0,1.0,0.436
2,126,127,0.0,0,24444.0,24444.0,1.0,0.584
2,127,128,11.884529829025269,1,24620.0,24620.0,1.0,0.6921154701709747
2,128,129,59.207258224487305,6,24880.0,24880.0,1.0,0.9807927417755127
2,129,130,0.0,0,25072.0,25072.0,1.0,0.768
2,130,131,0.0,0,25279.0,25279.0,1.0,0.828
2,131,132,19.094901084899902,1,25490.0,25490.0,1.0,0.8249050989151001
2,132,133,0.0,0,25697.0,25697.0,1.0,0.828
2,133,134,12.172199249267578,1,25938.0,25938.0,1.0,0.9518278007507324
2,134,135,21.277188062667847,2,26158.0,26158.0,1.0,0.8587228119373321
2,135,136,0.0,0,26387.0,26387.0,1.0,0.916
2,136,137,22.926267385482788,2,26632.0,26632.0,1.0,0.9570737326145172
2,137,138,48.191035747528076,4,26953.0,26953.0,1.0,1.2358089642524719
2,138,139,21.108142852783203,2,27230.0,27230.0,1.0,1.0868918571472168
2,139,140,47.017927169799805,2,27481.0,27481.0,1.0,0.9569820728302002
2,140,141,4.646870136260986,1,27689.0,27689.0,1.0,0.827353129863739
2,141,142,0.0,0,27915.0,27915.0,1.0,0.904
2,142,143,0.0,0,28108.0,28108.0,1.0,0.772
2,143,144,18.691826343536377,2,28261.0,28261.0,1.0,0.5933081736564636
2,144,145,0.0,0,28413.0,28413.0,1.0,0.608
2,145,146,12.755139350891113,1,28540.0,28540.0,1.0,0.4952448606491089
2,146,147,9.143219947814941,1,28664.0,28664.0,1.0,0.4868567800521851
2,147,148,0.0,0,28791.0,28791.0,1.0,0.508
2,148,149,0.0,0,28919.0,28919.0,1.0,0.512
2,149,150,14.030662536621094,1,29063.0,29063.0,1.0,0.561969337463379
2,150,151,8.157119750976562,1,29198.0,29198.0,1.0,0.5318428802490235
2,151,152,40.084638357162476,4,29380.0,29380.0,1.0,0.6879153616428375
2,152,153,0.0,0,29656.0,29656.0,1.0,1.104
2,153,154,18.08771848678589,2,29862.0,29862.0,1.0,0.8059122815132141
2,154,155,0.0,0,30065.0,30065.0,1.0,0.812
2,155,156,12.168216466903687,2,30262.0,30262.0,1.0,0.7758317835330963
2,156,157,28.875597953796387,4,30478.0,30478.0,1.0,0.8351244020462036
2,157,158,0.0,0,30703.0,30703.0,1.0,0.9
2,158,159,55.381020069122314,6,30925.0,30925.0,1.0,0.8326189799308776
2,159,160,45.35547494888306,4,31163.0,31163.0,1.0,0.9066445250511169
2,160,161,21.842071533203125,2,31438.0,31438.0,1.0,1.0781579284667968
2,161,162,12.253572344779968,2,31741.0,31741.0,1.0,1.19974642765522
2,162,163,21.162641048431396,2,32016.0,32016.0,1.0,1.0788373589515685
2,163,164,31.173481464385986,2,32277.0,32277.0,1.0,1.012826518535614
2,164,165,26.225653648376465,2,32490.0,32490.0,1.0,0.8257743463516235
2,165,166,11.759269952774048,1,32697.0,32697.0,1.0,0.816240730047226
2,166,167,13.027678728103638,1,32878.0,32878.0,1.0,0.7109723212718964
2,167,168,0.0,0,33006.0,33006.0,1.0,0.512
3,0,1,0.0,0,144.0,144.0,1.0,0.576
3,1,2,0.0,0,299.0,299.0,1.0,0.62
3,2,3,0.0,0,432.0,432.0,1.0,0.532
3,3,4,0.0,0,558.0,558.0,1.0,0.504
3,4,5,0.0,0,690.0,690.0,1.0,0.528
3,5,6,0.0,0,816.0,816.0,1.0,0.504
3,6,7,0.0,0,969.0,969.0,1.0,0.612
3,7,8,0.0,0,1150.0,1150.0,1.0,0.724
3,8,9,0.0,0,1414.0,1414.0,1.0,1.056
3,9,10,0.0,0,1619.0,1619.0,1.0,0.82
3,10,11,56.08874225616455,6,1816.0,1816.0,1.0,0.7319112577438355
3,11,12,0.0,0,2001.0,2001.0,1.0,0.74
3,12,13,0.0,0,2223.0,2223.0,1.0,0.888
3,13,14,0.0,0,2422.0,2422.0,1.0,0.796
3,14,15,18.51351833343506,2,2615.0,2615.0,1.0,0.753486481666565
3,15,16,0.0,0,2834.0,2834.0,1.0,0.876
3,16,17,0.0,0,3069.0,3069.0,1.0,0.94
3,17,18,4.058367729187012,1,3353.0,3353.0,1.0,1.131941632270813
3,18,19,19.471895217895508,2,3636.0,3636.0,1.0,1.1125281047821045
3,19,20,28.990079879760742,2,3855.0,3855.0,1.0,0.8470099201202392
3,20,21,0.0,0,4041.0,4041.0,1.0,0.744
3,21,22,4.910961627960205,1,4231.0,4231.0,1.0,0.7550890383720398
3,22,23,12.913930654525757,2,4424.0,4424.0,1.0,0.7590860693454743
3,23,24,0.0,0,4574.0,4574.0,1.0,0.6
3,24,25,12.457692623138428,1,4718.0,4718.0,1.0,0.5635423073768616
3,25,26,0.0,0,4848.0,4848.0,1.0,0.52
3,26,27,0.0,0,4977.0,4977.0,1.0,0.516
3,27,28,18.253695249557495,2,5104.0,5104.0,1.0,0.4897463047504425
3,28,29,0.0,0,5215.0,5215.0,1.0,0.444
3,29,30,0.0,0,5356.0,5356.0,1.0,0.564
3,30,31,0.0,0,5485.0,5485.0,1.0,0.516
3,31,32,0.0,0,5706.0,5706.0,1.0,0.884
3,32,33,0.0,0,5964.0,5964.0,1.0,1.032
3,33,34,17.566627502441406,2,6159.0,6159.0,1.0,0.7624333724975586
3,34,35,0.0,0,6353.0,6353.0,1.0,0.776
3,35,36,37.14544725418091,2,6559.0,6559.0,1.0,0.7868545527458191
3,36,37,32.548766136169434,3,6784.0,6784.0,1.0,0.8674512338638306
3,37,38,25.394692420959473,2,7024.0,7024.0,1.0,0.9346053075790405
3,38,39,11.219966888427734,1,7234.0,7234.0,1.0,0.8287800331115722
3,39,40,11.714702844619751,1,7442.0,7442.0,1.0,0.8202852971553802
3,40,41,16.992820739746094,1,7663.0,7663.0,1.0,0.867007179260254
3,41,42,0.0,0,7951.0,7951.0,1.0,1.152
3,42,43,38.562652587890625,2,8243.0,8243.0,1.0,1.1294373474121093
3,43,44,31.74269199371338,2,8481.0,8481.0,1.0,0.9202573080062866
3,44,45,16.074557304382324,2,8685.0,8685.0,1.0,0.7999254426956177
3,45,46,32.53734230995178,2,8883.0,8883.0,1.0,0.7594626576900482
3,46,47,8.11172103881836,1,9093.0,9093.0,1.0,0.8318882789611817
3,47,48,20.83917260169983,2,9255.0,9255.0,1.0,0.6271608273983001
3,48,49,0.0,0,9399.0,9399.0,1.0,0.576
3,49,50,16.190752029418945,1,9550.0,9550.0,1.0,0.5878092479705811
3,50,51,11.905401229858398,1,9681.0,9681.0,1.0,0.5120945987701416
3,51,52,0.0,0,9822.0,9822.0,1.0,0.564
3,52,53,22.214801788330078,2,9974.0,9974.0,1.0,0.58578519821167
3,53,54,0.0,0,10111.0,10111.0,1.0,0.548
3,54,55,0.0,0,10264.0,10264.0,1.0,0.612
3,55,56,16.86592674255371,1,10483.0,10483.0,1.0,0.8591340732574463
3,56,57,10.406137466430664,1,10768.0,10768.0,1.0,1.1295938625335693
3,57,58,0.0,0,10979.0,10979.0,1.0,0.844
3,58,59,0.0,0,11170.0,11170.0,1.0,0.764
3,59,60,13.80225419998169,1,11359.0,11359.0,1.0,0.7421977458000183
3,60,61,0.0,0,11568.0,11568.0,1.0,0.836
3,61,62,0.0,0,11782.0,11782.0,1.0,0.856
3,62,63,0.0,0,11987.0,11987.0,1.0,0.82
3,63,64,21.826908588409424,1,12193.0,12193.0,1.0,0.8021730914115905
3,64,65,42.15838551521301,4,12440.0,12440.0,1.0,0.945841614484787
3,65,66,23.955966472625732,2,12786.0,12786.0,1.0,1.3600440335273742
3,66,67,17.215858936309814,2,13071.0,13071.0,1.0,1.1227841410636903
3,67,68,26.919597148895264,2,13305.0,13305.0,1.0,0.9090804028511047
3,68,69,0.0,0,13520.0,13520.0,1.0,0.86
3,69,70,8.259344100952148,1,13710.0,13710.0,1.0,0.7517406558990478
3,70,71,7.58705735206604,1,13884.0,13884.0,1.0,0.688412942647934
3,71,72,16.804630279541016,1,14058.0,14058.0,1.0,0.679195369720459
3,72,73,11.878997087478638,2,14190.0,14190.0,1.0,0.5161210029125214
3,73,74,0.0,0,14315.0,14315.0,1.0,0.5
3,74,75,7.475242853164673,1,14448.0,14448.0,1.0,0.5245247571468353
3,75,76,34.64179086685181,2,14587.0,14587.0,1.0,0.5213582091331482
3,76,77,0.0,0,14711.0,14711.0,1.0,0.496
3,77,78,0.0,0,14845.0,14845.0,1.0,0.536
3,78,79,0.0,0,15004.0,15004.0,1.0,0.636
3,79,80,0.0,0,15224.0,15224.0,1.0,0.88
3,80,81,37.78991746902466,2,15499.0,15499.0,1.0,1.0622100825309753
3,81,82,17.83220386505127,2,15699.0,15699.0,1.0,0.7821677961349487
3,82,83,0.0,0,15867.0,15867.0,1.0,0.672
3,83,84,0.0,0,16071.0,16071.0,1.0,0.816
3,84,85,26.609878540039062,2,16300.0,16300.0,1.0,0.889390121459961
3,85,86,23.87283229827881,2,16502.0,16502.0,1.0,0.7841271677017212
3,86,87,0.0,0,16702.0,16702.0,1.0,0.8
3,87,88,15.548887491226196,2,16925.0,16925.0,1.0,0.8764511125087738
3,88,89,4.696938991546631,1,17151.0,17151.0,1.0,0.8993030610084534
3,89,90,17.357060432434082,2,17455.0,17455.0,1.0,1.198642939567566
3,90,91,14.841920256614685,2,17783.0,17783.0,1.0,1.2971580797433853
3,91,92,26.482951641082764,1,18061.0,18061.0,1.0,1.0855170483589172
3,92,93,19.397634267807007,2,18273.0,18273.0,1.0,0.828602365732193
3,93,94,16.091313362121582,2,18467.0,18467.0,1.0,0.7599086866378785
3,94,95,24.245048761367798,2,18623.0,18623.0,1.0,0.5997549512386322
3,95,96,0.0,0,18766.0,18766.0,1.0,0.572
3,96,97,3.8451619148254395,1,18896.0,18896.0,1.0,0.5161548380851746
3,97,98,0.0,0,19035.0,19035.0,1.0,0.556
3,98,99,9.911223649978638,1,19142.0,19142.0,1.0,0.41808877635002134
3,99,100,0.0,0,19260.0,19260.0,1.0,0.472
3,100,101,4.205124378204346,1,19392.0,19392.0,1.0,0.5237948756217956
3,101,102,7.806467056274414,1,19513.0,19513.0,1.0,0.4761935329437256
3,102,103,8.22589373588562,1,19674.0,19674.0,1.0,0.6357741062641143
3,103,104,12.357824325561523,2,19887.0,19887.0,1.0,0.8396421756744384
3,104,105,14.612482786178589,2,20145.0,20145.0,1.0,1.0173875172138214
3,105,106,79.68879055976868,6,20358.0,20358.0,1.0,0.7723112094402313
3,106,107,32.83407211303711,3,20559.0,20559.0,1.0,0.7711659278869629
3,107,108,9.075179100036621,1,20787.0,20787.0,1.0,0.9029248208999634
3,108,109,41.10799527168274,4,21003.0,21003.0,1.0,0.8228920047283173
3,109,110,10.341167449951172,2,21217.0,21217.0,1.0,0.8456588325500488
3,110,111,25.02084970474243,2,21431.0,21431.0,1.0,0.8309791502952576
3,111,112,16.5004380941391,2,21663.0,21663.0,1.0,0.9114995619058609
3,112,113,13.651241064071655,2,21923.0,21923.0,1.0,1.0263487589359284
3,113,114,0.0,0,22249.0,22249.0,1.0,1.304
3,114,115,39.29371786117554,2,22549.0,22549.0,1.0,1.1607062821388245
3,115,116,13.52175235748291,2,22799.0,22799.0,1.0,0.9864782476425171
3,116,117,0.0,0,23028.0,23028.0,1.0,0.916
3,117,118,8.294937133789062,1,23203.0,23203.0,1.0,0.6917050628662109
3,118,119,0.0,0,23397.0,23397.0,1.0,0.776
3,119,120,45.10825824737549,4,23542.0,23542.0,1.0,0.5348917417526245
3,120,121,0.0,0,23701.0,23701.0,1.0,0.636
3,121,122,0.0,0,23827.0,23827.0,1.0,0.504
3,122,123,10.502610683441162,1,23947.0,23947.0,1.0,0.4694973893165588
3,123,124,4.4056220054626465,1,24074.0,24074.0,1.0,0.5035943779945373
3,124,125,0.0,0,24185.0,24185.0,1.0,0.444
3,125,126,10.717959880828857,1,24306.0,24306.0,1.0,0.47328204011917113
3,126,127,0.0,0,24441.0,24441.0,1.0,0.54
3,127,128,0.0,0,24654.0,24654.0,1.0,0.852
3,128,129,8.571084022521973,1,24897.0,24897.0,1.0,0.963428915977478
3,129,130,23.50963068008423,2,25104.0,25104.0,1.0,0.8044903693199158
3,130,131,21.437761783599854,3,25296.0,25296.0,1.0,0.7465622382164001
3,131,132,27.67222785949707,3,25513.0,25513.0,1.0,0.8403277721405029
3,132,133,27.14214563369751,3,25733.0,25733.0,1.0,0.8528578543663025
3,133,134,0.0,0,25935.0,25935.0,1.0,0.808
3,134,135,25.537168264389038,2,26139.0,26139.0,1.0,0.7904628317356109
3,135,136,13.857540845870972,2,26362.0,26362.0,1.0,0.878142459154129
3,136,137,0.0,0,26609.0,26609.0,1.0,0.988
3,137,138,16.33491563796997,2,26928.0,26928.0,1.0,1.25966508436203
3,138,139,76.40622591972351,6,27217.0,27217.0,1.0,1.0795937740802766
3,139,140,0.0,0,27462.0,27462.0,1.0,0.98
3,140,141,11.628291606903076,2,27675.0,27675.0,1.0,0.8403717083930969
3,141,142,0.0,0,27844.0,27844.0,1.0,0.676
3,142,143,0.0,0,28039.0,28039.0,1.0,0.78
3,143,144,11.747714042663574,2,28176.0,28176.0,1.0,0.5362522859573364
3,144,145,0.0,0,28314.0,28314.0,1.0,0.552
3,145,146,4.771437764167786,1,28448.0,28448.0,1.0,0.5312285622358323
3,146,147,37.96289396286011,4,28596.0,28596.0,1.0,0.5540371060371398
3,147,148,6.511879920959473,1,28713.0,28713.0,1.0,0.46148812007904055
3,148,149,0.0,0,28844.0,28844.0,1.0,0.524
3,149,150,13.149586915969849,1,28993.0,28993.0,1.0,0.5828504130840302
3,150,151,4.7227044105529785,1,29151.0,29151.0,1.0,0.627277295589447
3,151,152,25.66113042831421,3,29374.0,29374.0,1.0,0.8663388695716858
3,152,153,53.9083993434906,4,29643.0,29643.0,1.0,1.0220916006565095
3,153,154,35.47731614112854,2,29840.0,29840.0,1.0,0.7525226838588714
3,154,155,20.52011728286743,2,30059.0,30059.0,1.0,0.8554798827171326
3,155,156,0.0,0,30272.0,30272.0,1.0,0.852
3,156,157,41.99593424797058,2,30498.0,30498.0,1.0,0.8620040657520294
3,157,158,25.219343900680542,2,30702.0,30702.0,1.0,0.7907806560993195
3,158,159,7.627071380615234,1,30948.0,30948.0,1.0,0.9763729286193847
3,159,160,16.00162935256958,2,31177.0,31177.0,1.0,0.8999983706474304
3,160,161,19.8311288356781,2,31435.0,31435.0,1.0,1.012168871164322
3,161,162,10.004051208496094,1,31733.0,31733.0,1.0,1.181995948791504
3,162,163,14.647982597351074,1,32060.0,32060.0,1.0,1.293352017402649
3,163,164,36.216078996658325,4,32286.0,32286.0,1.0,0.8677839210033417
3,164,165,14.31489896774292,2,32499.0,32499.0,1.0,0.8376851010322571
3,165,166,18.577681303024292,2,32696.0,32696.0,1.0,0.7694223186969757
3,166,167,18.238853931427002,2,32872.0,32872.0,1.0,0.685761146068573
3,167,168,0.0,0,33036.0,33036.0,1.0,0.656
4,0,1,0.0,0,134.0,134.0,1.0,0.536
4,1,2,0.0,0,265.0,265.0,1.0,0.524
4,2,3,0.0,0,395.0,395.0,1.0,0.52
4,3,4,0.0,0,512.0,512.0,1.0,0.468
4,4,5,0.0,0,647.0,647.0,1.0,0.54
4,5,6,0.0,0,789.0,789.0,1.0,0.568
4,6,7,0.0,0,944.0,944.0,1.0,0.62
4,7,8,0.0,0,1147.0,1147.0,1.0,0.812
4,8,9,0.0,0,1395.0,1395.0,1.0,0.992
4,9,10,0.0,0,1596.0,1596.0,1.0,0.804
4,10,11,0.0,0,1799.0,1799.0,1.0,0.812
4,11,12,0.0,0,2020.0,2020.0,1.0,0.884
4,12,13,0.0,0,2243.0,2243.0,1.0,0.892
4,13,14,0.0,0,2460.0,2460.0,1.0,0.868
4,14,15,9.252008199691772,1,2676.0,2676.0,1.0,0.8547479918003082
4,15,16,0.0,0,2874.0,2874.0,1.0,0.792
4,16,17,0.0,0,3109.0,3109.0,1.0,0.94
4,17,18,0.0,0,3445.0,3445.0,1.0,1.344
4,18,19,4.265321731567383,1,3730.0,3730.0,1.0,1.1357346782684326
4,19,20,10.92120885848999,1,4004.0,4004.0,1.0,1.08507879114151
4,20,21,22.553577661514282,2,4244.0,4244.0,1.0,0.9374464223384857
4,21,22,0.0,0,4442.0,4442.0,1.0,0.792
4,22,23,0.0,0,4610.0,4610.0,1.0,0.672
4,23,24,0.0,0,4768.0,4768.0,1.0,0.632
4,24,25,10.04476547241211,1,4912.0,4912.0,1.0,0.5659552345275879
4,25,26,0.0,0,5049.0,5049.0,1.0,0.548
4,26,27,12.673608779907227,1,5177.0,5177.0,1.0,0.49932639122009276
4,27,28,0.0,0,5304.0,5304.0,1.0,0.508
4,28,29,41.62758493423462,4,5437.0,5437.0,1.0,0.4903724150657654
4,29,30,0.0,0,5574.0,5574.0,1.0,0.548
4,30,31,0.0,0,5746.0,5746.0,1.0,0.688
4,31,32,9.040070056915283,1,5919.0,5919.0,1.0,0.6829599299430847
4,32,33,12.195918083190918,1,6207.0,6207.0,1.0,1.1398040819168092
4,33,34,38.676499366760254,4,6432.0,6432.0,1.0,0.8613235006332397
4,34,35,0.0,0,6630.0,6630.0,1.0,0.792
4,35,36,0.0,0,6843.0,6843.0,1.0,0.852
4,36,37,0.0,0,7080.0,7080.0,1.0,0.948
4,37,38,46.87433910369873,4,7282.0,7282.0,1.0,0.7611256608963013
4,38,39,0.0,0,7504.0,7504.0,1.0,0.888
4,39,40,0.0,0,7713.0,7713.0,1.0,0.836
4,40,41,0.0,0,7957.0,7957.0,1.0,0.976
4,41,42,0.0,0,8263.0,8263.0,1.0,1.224
4,42,43,33.93422794342041,3,8559.0,8559.0,1.0,1.1500657720565797
4,43,44,17.976930618286133,2,8830.0,8830.0,1.0,1.0660230693817139
4,44,45,42.57062482833862,4,9060.0,9060.0,1.0,0.8774293751716614
4,45,46,17.448134422302246,1,9256.0,9256.0,1.0,0.7665518655776977
4,46,47,5.19431209564209,1,9448.0,9448.0,1.0,0.7628056879043579
4,47,48,10.438908576965332,1,9610.0,9610.0,1.0,0.6375610914230346
4,48,49,17.503997802734375,2,9738.0,9738.0,1.0,0.49449600219726564
4,49,50,20.329880714416504,2,9865.0,9865.0,1.0,0.4876701192855835
4,50,51,34.64262342453003,4,9993.0,9993.0,1.0,0.47735737657546995
4,51,52,0.0,0,10118.0,10118.0,1.0,0.5
4,52,53,8.485710620880127,1,10231.0,10231.0,1.0,0.44351428937911985
4,53,54,0.0,0,10371.0,10371.0,1.0,0.56
4,54,55,5.450196743011475,1,10547.0,10547.0,1.0,0.6985498032569886
4,55,56,18.06449842453003,2,10764.0,10764.0,1.0,0.8499355015754699
4,56,57,0.0,0,11028.0,11028.0,1.0,1.056
4,57,58,0.0,0,11225.0,11225.0,1.0,0.788
4,58,59,27.51767921447754,2,11411.0,11411.0,1.0,0.7164823207855224
4,59,60,22.901211261749268,2,11606.0,11606.0,1.0,0.7570987887382508
4,60,61,0.0,0,11848.0,11848.0,1.0,0.968
4,61,62,20.424019813537598,2,12060.0,12060.0,1.0,0.8275759801864624
4,62,63,0.0,0,12260.0,12260.0,1.0,0.8
4,63,64,30.977654457092285,2,12458.0,12458.0,1.0,0.7610223455429077
4,64,65,12.731213092803955,1,12706.0,12706.0,1.0,0.9792687869071961
4,65,66,0.0,0,13020.0,13020.0,1.0,1.256
4,66,67,4.57194709777832,1,13308.0,13308.0,1.0,1.1474280529022216
4,67,68,11.415304183959961,1,13521.0,13521.0,1.0,0.84058469581604
4,68,69,0.0,0,13752.0,13752.0,1.0,0.924
4,69,70,29.653128147125244,2,13946.0,13946.0,1.0,0.7463468718528747
4,70,71,0.0,0,14131.0,14131.0,1.0,0.74
4,71,72,0.0,0,14282.0,14282.0,1.0,0.604
4,72,73,48.284695863723755,5,14438.0,14438.0,1.0,0.5757153041362763
4,73,74,0.0,0,14570.0,14570.0,1.0,0.528
4,74,75,0.0,0,14692.0,14692.0,1.0,0.488
4,75,76,0.0,0,14804.0,14804.0,1.0,0.448
4,76,77,0.0,0,14962.0,14962.0,1.0,0.632
4,77,78,21.224792003631592,1,15102.0,15102.0,1.0,0.5387752079963684
4,78,79,0.0,0,15270.0,15270.0,1.0,0.672
4,79,80,11.194235801696777,1,15480.0,15480.0,1.0,0.8288057641983032
4,80,81,20.015650033950806,2,15715.0,15715.0,1.0,0.9199843499660492
4,81,82,0.0,0,15922.0,15922.0,1.0,0.828
4,82,83,57.4605655670166,6,16117.0,16117.0,1.0,0.7225394344329834
4,83,84,0.0,0,16293.0,16293.0,1.0,0.704
4,84,85,32.3103141784668,3,16513.0,16513.0,1.0,0.8476896858215333
4,85,86,23.923352241516113,2,16739.0,16739.0,1.0,0.8800766477584839
4,86,87,0.0,0,16940.0,16940.0,1.0,0.804
4,87,88,17.85746955871582,1,17134.0,17134.0,1.0,0.7581425304412842
4,88,89,10.921460151672363,1,17350.0,17350.0,1.0,0.8530785398483276
4,89,90,18.026819229125977,1,17693.0,17693.0,1.0,1.353973180770874
4,90,91,25.898157119750977,2,17959.0,17959.0,1.0,1.038101842880249
4,91,92,20.933722496032715,2,18209.0,18209.0,1.0,0.9790662775039672
4,92,93,26.351067185401917,3,18412.0,18412.0,1.0,0.7856489328145981
4,93,94,15.493967056274414,1,18582.0,18582.0,1.0,0.6645060329437256
4,94,95,11.086124181747437,2,18753.0,18753.0,1.0,0.6729138758182526
4,95,96,28.469149589538574,2,18922.0,18922.0,1.0,0.6475308504104614
4,96,97,0.0,0,19036.0,19036.0,1.0,0.456
4,97,98,0.0,0,19178.0,19178.0,1.0,0.568
4,98,99,24.650685787200928,2,19289.0,19289.0,1.0,0.4193493142127991
4,99,100,0.0,0,19407.0,19407.0,1.0,0.472
4,100,101,25.148353576660156,2,19532.0,19532.0,1.0,0.4748516464233398
4,101,102,21.072245121002197,2,19641.0,19641.0,1.0,0.4149277548789978
4,102,103,27.092479467391968,2,19796.0,19796.0,1.0,0.592907520532608
4,103,104,8.302579522132874,1,19997.0,19997.0,1.0,0.7956974204778672
4,104,105,15.171018362045288,2,20273.0,20273.0,1.0,1.0888289816379546
4,105,106,0.0,0,20482.0,20482.0,1.0,0.836
4,106,107,47.33683800697327,6,20662.0,20662.0,1.0,0.6726631619930268
4,107,108,0.0,0,20850.0,20850.0,1.0,0.752
4,108,109,0.0,0,21064.0,21064.0,1.0,0.856
4,109,110,0.0,0,21291.0,21291.0,1.0,0.908
4,110,111,11.843887567520142,1,21504.0,21504.0,1.0,0.8401561124324799
4,111,112,24.25149917602539,2,21718.0,21718.0,1.0,0.8317485008239746
4,112,113,0.0,0,21950.0,21950.0,1.0,0.928
4,113,114,18.014915466308594,2,22249.0,22249.0,1.0,1.1779850845336914
4,114,115,26.419105172157288,2,22543.0,22543.0,1.0,1.1495808948278428
4,115,116,12.405833005905151,1,22766.0,22766.0,1.0,0.8795941669940949
4,116,117,57.84323287010193,4,22969.0,22969.0,1.0,0.7541567671298981
4,117,118,7.671106338500977,1,23150.0,23150.0,1.0,0.716328893661499
4,118,119,19.633419513702393,2,23335.0,23335.0,1.0,0.7203665804862976
4,119,120,5.4264116287231445,1,23485.0,23485.0,1.0,0.5945735883712768
4,120,121,11.269378662109375,1,23629.0,23629.0,1.0,0.5647306213378906
4,121,122,4.155150890350342,1,23757.0,23757.0,1.0,0.5078448491096497
4,122,123,8.879938125610352,1,23884.0,23884.0,1.0,0.4991200618743897
4,123,124,0.0,0,23992.0,23992.0,1.0,0.432
4,124,125,0.0,0,24137.0,24137.0,1.0,0.58
4,125,126,15.612141609191895,1,24264.0,24264.0,1.0,0.4923878583908081
4,126,127,35.650437355041504,2,24420.0,24420.0,1.0,0.5883495626449585
4,127,128,6.211389541625977,1,24646.0,24646.0,1.0,0.897788610458374
4,128,129,0.0,0,24894.0,24894.0,1.0,0.992
4,129,130,30.04970359802246,2,25101.0,25101.0,1.0,0.7979502964019776
4,130,131,0.0,0,25285.0,25285.0,1.0,0.736
4,131,132,15.784990549087524,2,25527.0,25527.0,1.0,0.9522150094509125
4,132,133,14.003670930862427,2,25745.0,25745.0,1.0,0.8579963290691376
4,133,134,0.0,0,25945.0,25945.0,1.0,0.8
4,134,135,44.63416004180908,3,26157.0,26157.0,1.0,0.8033658399581909
4,135,136,14.416182518005371,2,26378.0,26378.0,1.0,0.8695838174819946
4,136,137,14.844743013381958,1,26614.0,26614.0,1.0,0.929155256986618
4,137,138,11.391160488128662,1,26894.0,26894.0,1.0,1.1086088395118714
4,138,139,54.06897449493408,4,27202.0,27202.0,1.0,1.177931025505066
4,139,140,19.233248233795166,2,27459.0,27459.0,1.0,1.008766751766205
4,140,141,0.0,0,27686.0,27686.0,1.0,0.908
4,141,142,38.92034101486206,4,27885.0,27885.0,1.0,0.757079658985138
4,142,143,9.740966796875,1,28057.0,28057.0,1.0,0.678259033203125
4,143,144,5.328556537628174,1,28212.0,28212.0,1.0,0.6146714434623718
4,144,145,15.486708641052246,1,28337.0,28337.0,1.0,0.4845132913589478
4,145,146,28.26262092590332,4,28476.0,28476.0,1.0,0.5277373790740967
4,146,147,3.5084452629089355,1,28613.0,28613.0,1.0,0.5444915547370911
4,147,148,0.0,0,28728.0,28728.0,1.0,0.46
4,148,149,18.163999557495117,2,28856.0,28856.0,1.0,0.49383600044250486
4,149,150,0.0,0,28963.0,28963.0,1.0,0.428
4,150,151,0.0,0,29130.0,29130.0,1.0,0.668
4,151,152,21.351718187332153,2,29344.0,29344.0,1.0,0.8346482818126678
4,152,153,0.0,0,29606.0,29606.0,1.0,1.048
4,153,154,51.63160490989685,4,29811.0,29811.0,1.0,0.7683683950901031
4,154,155,0.0,0,29985.0,29985.0,1.0,0.696
4,155,156,52.69891977310181,4,30181.0,30181.0,1.0,0.7313010802268982
4,156,157,0.0,0,30405.0,30405.0,1.0,0.896
4,157,158,10.928945302963257,1,30615.0,30615.0,1.0,0.8290710546970368
4,158,159,13.955242156982422,1,30851.0,30851.0,1.0,0.9300447578430175
4,159,160,8.68288516998291,2,31065.0,31065.0,1.0,0.847317114830017
4,160,161,12.37424373626709,2,31297.0,31297.0,1.0,0.9156257562637329
4,161,162,12.804079055786133,1,31573.0,31573.0,1.0,1.091195920944214
4,162,163,9.304703712463379,1,31870.0,31870.0,1.0,1.1786952962875366
4,163,164,19.91600751876831,2,32146.0,32146.0,1.0,1.0840839924812318
4,164,165,79.47299242019653,8,32352.0,32352.0,1.0,0.7445270075798035
4,165,166,0.0,0,32531.0,32531.0,1.0,0.716
4,166,167,0.0,0,32717.0,32717.0,1.0,0.744
4,167,168,18.754639148712158,1,32872.0,32872.0,1.0,0.6012453608512879
5,0,1,0.0,0,164.0,164.0,1.0,0.656
5,1,2,0.0,0,280.0,280.0,1.0,0.464
5,2,3,0.0,0,396.0,396.0,1.0,0.464
5,3,4,0.0,0,541.0,541.0,1.0,0.58
5,4,5,0.0,0,669.0,669.0,1.0,0.512
5,5,6,0.0,0,812.0,812.0,1.0,0.572
5,6,7,0.0,0,956.0,956.0,1.0,0.576
5,7,8,0.0,0,1166.0,1166.0,1.0,0.84
5,8,9,0.0,0,1413.0,1413.0,1.0,0.988
5,9,10,11.006543159484863,1,1649.0,1649.0,1.0,0.9329934568405152
5,10,11,0.0,0,1842.0,1842.0,1.0,0.772
5,11,12,0.0,0,2049.0,2049.0,1.0,0.828
5,12,13,0.0,0,2282.0,2282.0,1.0,0.932
5,13,14,9.788753986358643,1,2493.0,2493.0,1.0,0.8342112460136414
5,14,15,0.0,0,2701.0,2701.0,1.0,0.832
5,15,16,0.0,0,2899.0,2899.0,1.0,0.792
5,16,17,20.240444660186768,2,3165.0,3165.0,1.0,1.0437595553398131
5,17,18,0.0,0,3498.0,3498.0,1.0,1.332
5,18,19,12.193350791931152,1,3822.0,3822.0,1.0,1.2838066492080689
5,19,20,4.987577438354492,1,4036.0,4036.0,1.0,0.8510124225616456
5,20,21,20.519837379455566,2,4239.0,4239.0,1.0,0.7914801626205444
5,21,22,0.0,0,4402.0,4402.0,1.0,0.652
5,22,23,86.00513982772827,6,4600.0,4600.0,1.0,0.7059948601722718
5,23,24,0.0,0,4763.0,4763.0,1.0,0.652
5,24,25,47.18448853492737,4,4930.0,4930.0,1.0,0.6208155114650726
5,25,26,0.0,0,5078.0,5078.0,1.0,0.592
5,26,27,0.0,0,5206.0,5206.0,1.0,0.512
5,27,28,0.0,0,5311.0,5311.0,1.0,0.42
5,28,29,25.378341913223267,3,5440.0,5440.0,1.0,0.4906216580867767
5,29,30,14.15026307106018,2,5567.0,5567.0,1.0,0.4938497369289398
5,30,31,0.0,0,5712.0,5712.0,1.0,0.58
5,31,32,8.61639404296875,1,5914.0,5914.0,1.0,0.7993836059570313
5,32,33,11.277287721633911,1,6177.0,6177.0,1.0,1.040722712278366
5,33,34,22.7060067653656,2,6391.0,6391.0,1.0,0.8332939932346344
5,34,35,12.15036392211914,1,6581.0,6581.0,1.0,0.7478496360778809
5,35,36,0.0,0,6771.0,6771.0,1.0,0.76
5,36,37,13.043560981750488,2,6970.0,6970.0,1.0,0.7829564390182495
5,37,38,11.994712829589844,1,7192.0,7192.0,1.0,0.8760052871704102
5,38,39,8.228698968887329,1,7415.0,7415.0,1.0,0.8837713010311127
5,39,40,28.919835090637207,2,7680.0,7680.0,1.0,1.0310801649093628
5,40,41,19.925448894500732,1,7924.0,7924.0,1.0,0.9560745511054992
5,41,42,29.384297370910645,2,8233.0,8233.0,1.0,1.2066157026290893
5,42,43,22.295647859573364,2,8510.0,8510.0,1.0,1.0857043521404266
5,43,44,16.7593674659729,2,8732.0,8732.0,1.0,0.8712406325340271
5,44,45,0.0,0,8951.0,8951.0,1.0,0.876
5,45,46,0.0,0,9148.0,9148.0,1.0,0.788
5,46,47,4.897663593292236,1,9320.0,9320.0,1.0,0.6831023364067078
5,47,48,15.878946304321289,2,9471.0,9471.0,1.0,0.5881210536956787
5,48,49,9.932445526123047,2,9602.0,9602.0,1.0,0.514067554473877
5,49,50,17.685705184936523,1,9745.0,9745.0,1.0,0.5543142948150634
5,50,51,0.0,0,9861.0,9861.0,1.0,0.464
5,51,52,11.816761016845703,1,9987.0,9987.0,1.0,0.4921832389831543
5,52,53,9.565150737762451,1,10114.0,10114.0,1.0,0.4984348492622375
5,53,54,16.852787613868713,2,10220.0,10220.0,1.0,0.4071472123861313
5,54,55,0.0,0,10373.0,10373.0,1.0,0.612
5,55,56,0.0,0,10566.0,10566.0,1.0,0.772
5,56,57,58.58284568786621,4,10839.0,10839.0,1.0,1.0334171543121338
5,57,58,0.0,0,11044.0,11044.0,1.0,0.82
5,58,59,41.594600439071655,4,11223.0,11223.0,1.0,0.6744053995609284
5,59,60,17.306431531906128,2,11452.0,11452.0,1.0,0.8986935684680939
5,60,61,14.631363153457642,1,11687.0,11687.0,1.0,0.9253686368465424
5,61,62,0.0,0,11918.0,11918.0,1.0,0.924
5,62,63,13.499215364456177,2,12117.0,12117.0,1.0,0.7825007846355438
5,63,64,0.0,0,12350.0,12350.0,1.0,0.932
5,64,65,9.990690231323242,1,12577.0,12577.0,1.0,0.8980093097686768
5,65,66,16.875144004821777,2,12907.0,12907.0,1.0,1.3031248559951782
5,66,67,21.232663869857788,2,13190.0,13190.0,1.0,1.1107673361301422
5,67,68,10.195783615112305,1,13440.0,13440.0,1.0,0.9898042163848877
5,68,69,6.739396095275879,1,13643.0,13643.0,1.0,0.8052606039047241
5,69,70,18.050840735435486,2,13828.0,13828.0,1.0,0.7219491592645645
5,70,71,0.0,0,14011.0,14011.0,1.0,0.732
5,71,72,24.250760078430176,2,14193.0,14193.0,1.0,0.7037492399215698
5,72,73,11.662774085998535,1,14350.0,14350.0,1.0,0.6163372259140014
5,73,74,0.0,0,14482.0,14482.0,1.0,0.528
5,74,75,8.710713386535645,1,14625.0,14625.0,1.0,0.5632892866134643
5,75,76,0.0,0,14749.0,14749.0,1.0,0.496
5,76,77,0.0,0,14890.0,14890.0,1.0,0.564
5,77,78,12.30289340019226,2,15020.0,15020.0,1.0,0.5076971065998077
5,78,79,0.0,0,15160.0,15160.0,1.0,0.56
5,79,80,0.0,0,15366.0,15366.0,1.0,0.824
5,80,81,0.0,0,15641.0,15641.0,1.0,1.1
5,81,82,62.39687752723694,4,15850.0,15850.0,1.0,0.7736031224727631
5,82,83,24.552772760391235,2,16029.0,16029.0,1.0,0.6914472272396087
5,83,84,11.033332347869873,1,16249.0,16249.0,1.0,0.8689666676521302
5,84,85,0.0,0,16479.0,16479.0,1.0,0.92
5,85,86,0.0,0,16697.0,16697.0,1.0,0.872
5,86,87,0.0,0,16938.0,16938.0,1.0,0.964
5,87,88,0.0,0,17161.0,17161.0,1.0,0.892
5,88,89,73.35978981852531,6,17414.0,17414.0,1.0,0.9386402101814747
5,89,90,0.0,0,17720.0,17720.0,1.0,1.224
5,90,91,0.0,0,17990.0,17990.0,1.0,1.08
5,91,92,8.304297924041748,1,18235.0,18235.0,1.0,0.9716957020759582
5,92,93,38.74499034881592,4,18438.0,18438.0,1.0,0.7732550096511841
5,93,94,19.518635272979736,1,18592.0,18592.0,1.0,0.5964813647270203
5,94,95,0.0,0,18769.0,18769.0,1.0,0.708
5,95,96,22.70664119720459,2,18933.0,18933.0,1.0,0.6332933588027954
5,96,97,22.613933086395264,1,19073.0,19073.0,1.0,0.5373860669136047
5,97,98,21.722118258476257,2,19223.0,19223.0,1.0,0.5782778817415237
5,98,99,8.72848391532898,1,19347.0,19347.0,1.0,0.487271516084671
5,99,100,21.829861164093018,1,19482.0,19482.0,1.0,0.518170138835907
5,100,101,0.0,0,19615.0,19615.0,1.0,0.532
5,101,102,0.0,0,19772.0,19772.0,1.0,0.628
5,102,103,46.41884160041809,4,19903.0,19903.0,1.0,0.47758115839958193
5,103,104,0.0,0,20111.0,20111.0,1.0,0.832
5,104,105,0.0,0,20355.0,20355.0,1.0,0.976
5,105,106,17.721856117248535,2,20567.0,20567.0,1.0,0.8302781438827515
5,106,107,0.0,0,20754.0,20754.0,1.0,0.748
5,107,108,7.539486408233643,1,20972.0,20972.0,1.0,0.8644605135917663
5,108,109,6.4260711669921875,1,21210.0,21210.0,1.0,0.9455739288330078
5,109,110,0.0,0,21422.0,21422.0,1.0,0.848
5,110,111,16.863550186157227,2,21634.0,21634.0,1.0,0.8311364498138428
5,111,112,20.47355604171753,2,21895.0,21895.0,1.0,1.0235264439582825
5,112,113,0.0,0,22136.0,22136.0,1.0,0.964
5,113,114,40.662521719932556,4,22428.0,22428.0,1.0,1.1273374782800674
5,114,115,7.111086130142212,1,22743.0,22743.0,1.0,1.2528889138698578
5,115,116,40.00940728187561,4,22958.0,22958.0,1.0,0.8199905927181244
5,116,117,11.36637568473816,2,23163.0,23163.0,1.0,0.8086336243152619
5,117,118,11.61349868774414,1,23342.0,23342.0,1.0,0.7043865013122559
5,118,119,30.112679958343506,2,23497.0,23497.0,1.0,0.5898873200416564
5,119,120,13.24552297592163,1,23640.0,23640.0,1.0,0.5587544770240783
5,120,121,26.16884994506836,2,23775.0,23775.0,1.0,0.5138311500549316
5,121,122,0.0,0,23911.0,23911.0,1.0,0.544
5,122,123,40.49982523918152,5,24044.0,24044.0,1.0,0.4915001747608185
5,123,124,0.0,0,24161.0,24161.0,1.0,0.468
5,124,125,0.0,0,24279.0,24279.0,1.0,0.472
5,125,126,0.0,0,24406.0,24406.0,1.0,0.508
5,126,127,10.5499267578125,1,24562.0,24562.0,1.0,0.6134500732421875
5,127,128,0.0,0,24782.0,24782.0,1.0,0.88
5,128,129,0.0,0,25051.0,25051.0,1.0,1.076
5,129,130,7.419759750366211,1,25243.0,25243.0,1.0,0.7605802402496338
5,130,131,30.048792362213135,4,25416.0,25416.0,1.0,0.6619512076377869
5,131,132,0.0,0,25612.0,25612.0,1.0,0.784
5,132,133,0.0,0,25829.0,25829.0,1.0,0.868
5,133,134,40.14389085769653,2,26056.0,26056.0,1.0,0.8678561091423035
5,134,135,47.638025522232056,4,26276.0,26276.0,1.0,0.8323619744777679
5,135,136,0.0,0,26497.0,26497.0,1.0,0.884
5,136,137,24.537171840667725,4,26729.0,26729.0,1.0,0.9034628281593323
5,137,138,0.0,0,27049.0,27049.0,1.0,1.28
5,138,139,40.89485144615173,4,27349.0,27349.0,1.0,1.1591051485538482
5,139,140,0.0,0,27569.0,27569.0,1.0,0.88
5,140,141,7.081393003463745,1,27796.0,27796.0,1.0,0.9009186069965363
5,141,142,13.895237445831299,2,27986.0,27986.0,1.0,0.7461047625541687
5,142,143,0.0,0,28181.0,28181.0,1.0,0.78
5,143,144,0.0,0,28327.0,28327.0,1.0,0.584
5,144,145,3.3445544242858887,1,28466.0,28466.0,1.0,0.5526554455757141
5,145,146,0.0,0,28634.0,28634.0,1.0,0.672
5,146,147,25.29827356338501,2,28759.0,28759.0,1.0,0.474701726436615
5,147,148,8.98436450958252,2,28891.0,28891.0,1.0,0.5190156354904175
5,148,149,19.529467582702637,2,28993.0,28993.0,1.0,0.38847053241729734
5,149,150,10.536465644836426,1,29145.0,29145.0,1.0,0.5974635343551635
5,150,151,0.0,0,29296.0,29296.0,1.0,0.604
5,151,152,25.471628665924072,2,29490.0,29490.0,1.0,0.7505283713340759
5,152,153,0.0,0,29770.0,29770.0,1.0,1.12
5,153,154,9.664438962936401,1,29991.0,29991.0,1.0,0.8743355610370636
5,154,155,13.32248067855835,2,30176.0,30176.0,1.0,0.7266775193214416
5,155,156,26.8833749294281,2,30394.0,30394.0,1.0,0.845116625070572
5,156,157,0.0,0,30635.0,30635.0,1.0,0.964
5,157,158,0.0,0,30849.0,30849.0,1.0,0.856
5,158,159,28.88472270965576,2,31050.0,31050.0,1.0,0.7751152772903442
5,159,160,0.0,0,31293.0,31293.0,1.0,0.972
5,160,161,27.83456015586853,3,31507.0,31507.0,1.0,0.8281654398441315
5,161,162,10.279542207717896,1,31829.0,31829.0,1.0,1.277720457792282
5,162,163,41.308956146240234,2,32106.0,32106.0,1.0,1.0666910438537598
5,163,164,0.0,0,32352.0,32352.0,1.0,0.984
5,164,165,61.77893662452698,6,32572.0,32572.0,1.0,0.8182210633754731
5,165,166,0.0,0,32766.0,32766.0,1.0,0.776
5,166,167,0.0,0,32949.0,32949.0,1.0,0.732
5,167,168,14.969774723052979,1,33125.0,33125.0,1.0,0.689030225276947
6,0,1,0.0,0,131.0,131.0,1.0,0.524
6,1,2,0.0,0,269.0,269.0,1.0,0.552
6,2,3,0.0,0,397.0,397.0,1.0,0.512
6,3,4,0.0,0,519.0,519.0,1.0,0.488
6,4,5,0.0,0,664.0,664.0,1.0,0.58
6,5,6,0.0,0,791.0,791.0,1.0,0.508
6,6,7,0.0,0,957.0,957.0,1.0,0.664
6,7,8,0.0,0,1187.0,1187.0,1.0,0.92
6,8,9,0.0,0,1467.0,1467.0,1.0,1.12
6,9,10,23.827412366867065,2,1654.0,1654.0,1.0,0.724172587633133
6,10,11,18.110291004180908,2,1814.0,1814.0,1.0,0.6218897089958191
6,11,12,0.0,0,2027.0,2027.0,1.0,0.852
6,12,13,0.0,0,2225.0,2225.0,1.0,0.792
6,13,14,0.0,0,2459.0,2459.0,1.0,0.936
6,14,15,0.0,0,2676.0,2676.0,1.0,0.868
6,15,16,16.934602737426758,2,2893.0,2893.0,1.0,0.8510653972625732
6,16,17,0.0,0,3135.0,3135.0,1.0,0.968
6,17,18,0.0,0,3423.0,3423.0,1.0,1.152
6,18,19,9.926730155944824,1,3708.0,3708.0,1.0,1.1300732698440552
6,19,20,14.559708595275879,1,3964.0,3964.0,1.0,1.009440291404724
6,20,21,25.306268095970154,4,4162.0,4162.0,1.0,0.7666937319040299
6,21,22,12.316248893737793,1,4319.0,4319.0,1.0,0.6156837511062622
6,22,23,0.0,0,4500.0,4500.0,1.0,0.724
6,23,24,17.91401982307434,1,4666.0,4666.0,1.0,0.6460859801769256
6,24,25,0.0,0,4810.0,4810.0,1.0,0.576
6,25,26,18.52424144744873,2,4928.0,4928.0,1.0,0.4534757585525513
6,26,27,0.0,0,5058.0,5058.0,1.0,0.52
6,27,28,0.0,0,5181.0,5181.0,1.0,0.492
6,28,29,16.910223960876465,2,5307.0,5307.0,1.0,0.4870897760391235
6,29,30,0.0,0,5444.0,5444.0,1.0,0.548
6,30,31,12.403493165969849,2,5593.0,5593.0,1.0,0.5835965068340302
6,31,32,0.0,0,5815.0,5815.0,1.0,0.888
6,32,33,0.0,0,6077.0,6077.0,1.0,1.048
6,33,34,24.804434776306152,3,6279.0,6279.0,1.0,0.7831955652236938
6,34,35,22.7573664188385,2,6456.0,6456.0,1.0,0.6852426335811616
6,35,36,0.0,0,6656.0,6656.0,1.0,0.8
6,36,37,0.0,0,6879.0,6879.0,1.0,0.892
6,37,38,8.951822519302368,1,7083.0,7083.0,1.0,0.8070481774806977
6,38,39,30.421263694763184,2,7300.0,7300.0,1.0,0.8375787363052368
6,39,40,18.047696113586426,1,7495.0,7495.0,1.0,0.7619523038864136
6,40,41,0.0,0,7721.0,7721.0,1.0,0.904
6,41,42,10.026849746704102,2,8036.0,8036.0,1.0,1.2499731502532958
6,42,43,0.0,0,8341.0,8341.0,1.0,1.22
6,43,44,7.546187400817871,1,8585.0,8585.0,1.0,0.9684538125991822
6,44,45,24.856189727783203,2,8813.0,8813.0,1.0,0.8871438102722168
6,45,46,25.4543399810791,2,9010.0,9010.0,1.0,0.7625456600189209
6,46,47,0.0,0,9160.0,9160.0,1.0,0.6
6,47,48,0.0,0,9328.0,9328.0,1.0,0.672
6,48,49,16.84634017944336,1,9458.0,9458.0,1.0,0.5031536598205566
6,49,50,0.0,0,9584.0,9584.0,1.0,0.504
6,50,51,0.0,0,9708.0,9708.0,1.0,0.496
6,51,52,31.11156392097473,4,9822.0,9822.0,1.0,0.42488843607902527
6,52,53,0.0,0,9957.0,9957.0,1.0,0.54
6,53,54,0.0,0,10081.0,10081.0,1.0,0.496
6,54,55,7.047370433807373,1,10217.0,10217.0,1.0,0.5369526295661926
6,55,56,0.0,0,10425.0,10425.0,1.0,0.832
6,56,57,18.406591415405273,1,10674.0,10674.0,1.0,0.9775934085845948
6,57,58,33.57539415359497,3,10885.0,10885.0,1.0,0.8104246058464051
6,58,59,16.495636701583862,1,11058.0,11058.0,1.0,0.6755043632984161
6,59,60,14.495126008987427,1,11261.0,11261.0,1.0,0.7975048739910126
6,60,61,0.0,0,11488.0,11488.0,1.0,0.908
6,61,62,22.49135994911194,2,11711.0,11711.0,1.0,0.869508640050888
6,62,63,0.0,0,11927.0,11927.0,1.0,0.864
6,63,64,19.177838563919067,1,12143.0,12143.0,1.0,0.8448221614360809
6,64,65,19.827375411987305,2,12382.0,12382.0,1.0,0.9361726245880126
6,65,66,13.413763046264648,1,12658.0,12658.0,1.0,1.0905862369537354
6,66,67,5.234934329986572,1,12957.0,12957.0,1.0,1.1907650656700135
6,67,68,22.714458465576172,2,13210.0,13210.0,1.0,0.9892855415344238
6,68,69,51.65468788146973,4,13420.0,13420.0,1.0,0.7883453121185303
6,69,70,30.439109325408936,4,13641.0,13641.0,1.0,0.8535608906745911
6,70,71,12.437398910522461,1,13812.0,13812.0,1.0,0.6715626010894775
6,71,72,16.322232246398926,2,13982.0,13982.0,1.0,0.6636777677536011
6,72,73,3.8677196502685547,1,14127.0,14127.0,1.0,0.5761322803497314
6,73,74,20.995512008666992,1,14259.0,14259.0,1.0,0.507004487991333
6,74,75,0.0,0,14410.0,14410.0,1.0,0.604
6,75,76,39.15062713623047,4,14537.0,14537.0,1.0,0.46884937286376954
6,76,77,0.0,0,14679.0,14679.0,1.0,0.568
6,77,78,0.0,0,14797.0,14797.0,1.0,0.472
6,78,79,0.0,0,14953.0,14953.0,1.0,0.624
6,79,80,0.0,0,15148.0,15148.0,1.0,0.78
6,80,81,11.70842170715332,2,15400.0,15400.0,1.0,0.9962915782928466
6,81,82,0.0,0,15612.0,15612.0,1.0,0.848
6,82,83,0.0,0,15793.0,15793.0,1.0,0.724
6,83,84,0.0,0,15977.0,15977.0,1.0,0.736
6,84,85,0.0,0,16199.0,16199.0,1.0,0.888
6,85,86,0.0,0,16424.0,16424.0,1.0,0.9
6,86,87,8.82835578918457,1,16640.0,16640.0,1.0,0.8551716442108155
6,87,88,0.0,0,16863.0,16863.0,1.0,0.892
6,88,89,0.0,0,17137.0,17137.0,1.0,1.096
6,89,90,53.731462478637695,4,17442.0,17442.0,1.0,1.1662685375213624
6,90,91,17.179906129837036,2,17769.0,17769.0,1.0,1.290820093870163
6,91,92,0.0,0,18025.0,18025.0,1.0,1.024
6,92,93,19.04425621032715,2,18230.0,18230.0,1.0,0.8009557437896728
6,93,94,0.0,0,18397.0,18397.0,1.0,0.668
6,94,95,34.39688730239868,2,18585.0,18585.0,1.0,0.7176031126976014
6,95,96,0.0,0,18747.0,18747.0,1.0,0.648
6,96,97,0.0,0,18895.0,18895.0,1.0,0.592
6,97,98,0.0,0,19017.0,19017.0,1.0,0.488
6,98,99,0.0,0,19137.0,19137.0,1.0,0.48
6,99,100,0.0,0,19239.0,19239.0,1.0,0.408
6,100,101,27.93040442466736,3,19361.0,19361.0,1.0,0.46006959557533267
6,101,102,0.0,0,19502.0,19502.0,1.0,0.564
6,102,103,15.844915866851807,2,19639.0,19639.0,1.0,0.5321550841331482
6,103,104,46.48517727851868,4,19856.0,19856.0,1.0,0.8215148227214814
6,104,105,0.0,0,20144.0,20144.0,1.0,1.152
6,105,106,32.91076612472534,2,20346.0,20346.0,1.0,0.7750892338752746
6,106,107,0.0,0,20525.0,20525.0,1.0,0.716
6,107,108,18.76454186439514,2,20729.0,20729.0,1.0,0.7972354581356048
6,108,109,5.232938766479492,1,20971.0,20971.0,1.0,0.9627670612335205
6,109,110,25.96930432319641,2,21203.0,21203.0,1.0,0.9020306956768036
6,110,111,20.464567184448242,1,21423.0,21423.0,1.0,0.8595354328155518
6,111,112,24.904059171676636,2,21646.0,21646.0,1.0,0.8670959408283234
6,112,113,27.236407041549683,3,21900.0,21900.0,1.0,0.9887635929584503
6,113,114,0.0,0,22187.0,22187.0,1.0,1.148
6,114,115,22.867157459259033,4,22463.0,22463.0,1.0,1.081132842540741
6,115,116,23.556408882141113,1,22734.0,22734.0,1.0,1.060443591117859
6,116,117,0.0,0,22964.0,22964.0,1.0,0.92
6,117,118,19.65612030029297,1,23139.0,23139.0,1.0,0.680343879699707
6,118,119,0.0,0,23315.0,23315.0,1.0,0.704
6,119,120,30.19871759414673,2,23470.0,23470.0,1.0,0.5898012824058533
6,120,121,28.535336017608643,2,23602.0,23602.0,1.0,0.49946466398239137
6,121,122,0.0,0,23742.0,23742.0,1.0,0.56
6,122,123,0.0,0,23867.0,23867.0,1.0,0.5
6,123,124,0.0,0,23995.0,23995.0,1.0,0.512
6,124,125,0.0,0,24102.0,24102.0,1.0,0.428
6,125,126,0.0,0,24218.0,24218.0,1.0,0.464
6,126,127,0.0,0,24387.0,24387.0,1.0,0.676
6,127,128,53.00657391548157,6,24607.0,24607.0,1.0,0.8269934260845184
6,128,129,0.0,0,24876.0,24876.0,1.0,1.076
6,129,130,0.0,0,25112.0,25112.0,1.0,0.944
6,130,131,9.213393926620483,1,25298.0,25298.0,1.0,0.7347866060733795
6,131,132,0.0,0,25500.0,25500.0,1.0,0.808
6,132,133,14.799049377441406,2,25697.0,25697.0,1.0,0.7732009506225586
6,133,134,0.0,0,25912.0,25912.0,1.0,0.86
6,134,135,0.0,0,26125.0,26125.0,1.0,0.852
6,135,136,0.0,0,26353.0,26353.0,1.0,0.912
6,136,137,6.304064750671387,1,26597.0,26597.0,1.0,0.9696959352493286
6,137,138,0.0,0,26903.0,26903.0,1.0,1.224
6,138,139,24.63460636138916,2,27213.0,27213.0,1.0,1.2153653936386108
6,139,140,24.954500198364258,2,27483.0,27483.0,1.0,1.0550454998016356
6,140,141,0.0,0,27688.0,27688.0,1.0,0.82
6,141,142,18.429346561431885,1,27904.0,27904.0,1.0,0.8455706534385681
6,142,143,26.413055896759033,2,28076.0,28076.0,1.0,0.6615869441032409
6,143,144,0.0,0,28244.0,28244.0,1.0,0.672
6,144,145,0.0,0,28416.0,28416.0,1.0,0.688
6,145,146,0.0,0,28560.0,28560.0,1.0,0.576
6,146,147,26.882279872894287,2,28663.0,28663.0,1.0,0.3851177201271057
6,147,148,0.0,0,28795.0,28795.0,1.0,0.528
6,148,149,15.181143283843994,2,28918.0,28918.0,1.0,0.476818856716156
6,149,150,0.0,0,29048.0,29048.0,1.0,0.52
6,150,151,13.285765171051025,1,29188.0,29188.0,1.0,0.546714234828949
6,151,152,0.0,0,29397.0,29397.0,1.0,0.836
6,152,153,20.933955311775208,2,29623.0,29623.0,1.0,0.8830660446882248
6,153,154,12.90366268157959,1,29859.0,29859.0,1.0,0.9310963373184205
6,154,155,0.0,0,30043.0,30043.0,1.0,0.736
6,155,156,20.594093799591064,1,30256.0,30256.0,1.0,0.8314059062004089
6,156,157,18.866740465164185,2,30462.0,30462.0,1.0,0.8051332595348358
6,157,158,17.842512607574463,2,30683.0,30683.0,1.0,0.8661574873924255
6,158,159,6.9197306632995605,1,30896.0,30896.0,1.0,0.8450802693367004
6,159,160,15.370335578918457,1,31128.0,31128.0,1.0,0.9126296644210815
6,160,161,26.627212285995483,2,31407.0,31407.0,1.0,1.0893727877140045
6,161,162,0.0,0,31717.0,31717.0,1.0,1.24
6,162,163,5.523468017578125,1,32009.0,32009.0,1.0,1.162476531982422
6,163,164,12.399921417236328,2,32258.0,32258.0,1.0,0.9836000785827637
6,164,165,0.0,0,32472.0,32472.0,1.0,0.856
6,165,166,0.0,0,32690.0,32690.0,1.0,0.872
6,166,167,74.78930282592773,4,32882.0,32882.0,1.0,0.6932106971740722
6,167,168,0.0,0,33054.0,33054.0,1.0,0.688
7,0,1,0.0,0,159.0,159.0,1.0,0.636
7,1,2,0.0,0,307.0,307.0,1.0,0.592
7,2,3,0.0,0,425.0,425.0,1.0,0.472
7,3,4,0.0,0,576.0,576.0,1.0,0.604
7,4,5,0.0,0,703.0,703.0,1.0,0.508
7,5,6,0.0,0,839.0,839.0,1.0,0.544
7,6,7,0.0,0,990.0,990.0,1.0,0.604
7,7,8,0.0,0,1207.0,1207.0,1.0,0.868
7,8,9,0.0,0,1501.0,1501.0,1.0,1.176
7,9,10,0.0,0,1679.0,1679.0,1.0,0.712
7,10,11,0.0,0,1871.0,1871.0,1.0,0.768
7,11,12,27.856292724609375,2,2060.0,2060.0,1.0,0.7281437072753906
7,12,13,8.062348365783691,1,2276.0,2276.0,1.0,0.8559376516342163
7,13,14,26.34807825088501,2,2506.0,2506.0,1.0,0.893651921749115
7,14,15,31.413763999938965,2,2695.0,2695.0,1.0,0.724586236000061
7,15,16,0.0,0,2931.0,2931.0,1.0,0.944
7,16,17,0.0,0,3175.0,3175.0,1.0,0.976
7,17,18,30.392940998077393,2,3495.0,3495.0,1.0,1.2496070590019226
7,18,19,22.104002952575684,2,3780.0,3780.0,1.0,1.1178959970474243
7,19,20,10.581464767456055,1,4027.0,4027.0,1.0,0.977418535232544
7,20,21,30.86756467819214,2,4231.0,4231.0,1.0,0.7851324353218079
7,21,22,53.35757339000702,6,4417.0,4417.0,1.0,0.690642426609993
7,22,23,0.0,0,4592.0,4592.0,1.0,0.7
7,23,24,0.0,0,4749.0,4749.0,1.0,0.628
7,24,25,0.0,0,4885.0,4885.0,1.0,0.544
7,25,26,0.0,0,5032.0,5032.0,1.0,0.588
7,26,27,21.22169804573059,2,5163.0,5163.0,1.0,0.5027783019542694
7,27,28,17.97125244140625,1,5312.0,5312.0,1.0,0.5780287475585938
7,28,29,0.0,0,5438.0,5438.0,1.0,0.504
7,29,30,0.0,0,5576.0,5576.0,1.0,0.552
7,30,31,3.900116443634033,1,5715.0,5715.0,1.0,0.552099883556366
7,31,32,9.150525331497192,1,5935.0,5935.0,1.0,0.8708494746685028
7,32,33,0.0,0,6197.0,6197.0,1.0,1.048
7,33,34,0.0,0,6408.0,6408.0,1.0,0.844
7,34,35,0.0,0,6604.0,6604.0,1.0,0.784
7,35,36,0.0,0,6826.0,6826.0,1.0,0.888
7,36,37,37.44033145904541,2,7070.0,7070.0,1.0,0.9385596685409546
7,37,38,15.151761054992676,1,7293.0,7293.0,1.0,0.8768482389450073
7,38,39,34.23550987243652,3,7512.0,7512.0,1.0,0.8417644901275635
7,39,40,0.0,0,7757.0,7757.0,1.0,0.98
7,40,41,21.760666370391846,1,8002.0,8002.0,1.0,0.9582393336296081
7,41,42,23.807167053222656,2,8294.0,8294.0,1.0,1.1441928329467774
7,42,43,17.524101734161377,1,8584.0,8584.0,1.0,1.1424758982658387
7,43,44,0.0,0,8836.0,8836.0,1.0,1.008
7,44,45,65.72221851348877,4,9032.0,9032.0,1.0,0.7182777814865112
7,45,46,0.0,0,9197.0,9197.0,1.0,0.66
7,46,47,0.0,0,9375.0,9375.0,1.0,0.712
7,47,48,0.0,0,9558.0,9558.0,1.0,0.732
7,48,49,28.76254153251648,3,9688.0,9688.0,1.0,0.4912374584674835
7,49,50,0.0,0,9827.0,9827.0,1.0,0.556
7,50,51,0.0,0,9962.0,9962.0,1.0,0.54
7,51,52,0.0,0,10076.0,10076.0,1.0,0.456
7,52,53,9.392192363739014,1,10207.0,10207.0,1.0,0.514607807636261
7,53,54,7.969655394554138,1,10350.0,10350.0,1.0,0.5640303446054459
7,54,55,0.0,0,10493.0,10493.0,1.0,0.572
7,55,56,9.07155704498291,1,10700.0,10700.0,1.0,0.8189284429550171
7,56,57,6.121159553527832,1,10972.0,10972.0,1.0,1.081878840446472
7,57,58,11.004053115844727,1,11188.0,11188.0,1.0,0.8529959468841553
7,58,59,14.384353637695312,1,11377.0,11377.0,1.0,0.7416156463623047
7,59,60,0.0,0,11581.0,11581.0,1.0,0.816
7,60,61,0.0,0,11829.0,11829.0,1.0,0.992
7,61,62,10.643030166625977,2,12042.0,12042.0,1.0,0.841356969833374
7,62,63,0.0,0,12250.0,12250.0,1.0,0.832
7,63,64,20.17567729949951,2,12459.0,12459.0,1.0,0.8158243227005005
7,64,65,22.331916332244873,1,12707.0,12707.0,1.0,0.9696680836677551
7,65,66,12.36271333694458,1,13038.0,13038.0,1.0,1.3116372866630555
7,66,67,29.132647275924683,4,13363.0,13363.0,1.0,1.2708673527240752
7,67,68,0.0,0,13617.0,13617.0,1.0,1.016
7,68,69,32.94458770751953,2,13828.0,13828.0,1.0,0.8110554122924805
7,69,70,43.00739526748657,2,14038.0,14038.0,1.0,0.7969926047325134
7,70,71,0.0,0,14211.0,14211.0,1.0,0.692
7,71,72,21.42869758605957,1,14368.0,14368.0,1.0,0.6065713024139404
7,72,73,0.0,0,14505.0,14505.0,1.0,0.548
7,73,74,9.632938385009766,1,14643.0,14643.0,1.0,0.5423670616149903
7,74,75,14.054622888565063,2,14770.0,14770.0,1.0,0.49394537711143494
7,75,76,0.0,0,14908.0,14908.0,1.0,0.552
7,76,77,12.311882495880127,2,15048.0,15048.0,1.0,0.5476881175041198
7,77,78,0.0,0,15170.0,15170.0,1.0,0.488
7,78,79,0.0,0,15346.0,15346.0,1.0,0.704
7,79,80,0.0,0,15566.0,15566.0,1.0,0.88
7,80,81,53.426344871520996,4,15816.0,15816.0,1.0,0.946573655128479
7,81,82,0.0,0,16035.0,16035.0,1.0,0.876
7,82,83,7.632014036178589,1,16225.0,16225.0,1.0,0.7523679859638214
7,83,84,31.241527557373047,2,16426.0,16426.0,1.0,0.772758472442627
7,84,85,13.753844261169434,2,16650.0,16650.0,1.0,0.8822461557388306
7,85,86,8.203827381134033,1,16878.0,16878.0,1.0,0.9037961726188659
7,86,87,0.0,0,17077.0,17077.0,1.0,0.796
7,87,88,0.0,0,17288.0,17288.0,1.0,0.844
7,88,89,5.254774570465088,1,17547.0,17547.0,1.0,1.0307452254295348
7,89,90,4.113861083984375,1,17888.0,17888.0,1.0,1.3598861389160157
7,90,91,6.605242729187012,1,18200.0,18200.0,1.0,1.241394757270813
7,91,92,6.371457576751709,1,18428.0,18428.0,1.0,0.9056285424232483
7,92,93,0.0,0,18624.0,18624.0,1.0,0.784
7,93,94,10.424651980400085,2,18808.0,18808.0,1.0,0.7255753480195999
7,94,95,19.06852102279663,2,18991.0,18991.0,1.0,0.7129314789772033
7,95,96,21.629000663757324,2,19160.0,19160.0,1.0,0.6543709993362427
7,96,97,0.0,0,19305.0,19305.0,1.0,0.58
7,97,98,23.645349502563477,2,19433.0,19433.0,1.0,0.48835465049743654
7,98,99,18.561861276626587,2,19542.0,19542.0,1.0,0.41743813872337343
7,99,100,18.934330940246582,1,19668.0,19668.0,1.0,0.4850656690597534
7,100,101,0.0,0,19802.0,19802.0,1.0,0.536
7,101,102,0.0,0,19932.0,19932.0,1.0,0.52
7,102,103,23.50431728363037,2,20091.0,20091.0,1.0,0.6124956827163697
7,103,104,24.12130117416382,2,20291.0,20291.0,1.0,0.7758786988258362
7,104,105,8.232327461242676,1,20576.0,20576.0,1.0,1.1317676725387573
7,105,106,0.0,0,20781.0,20781.0,1.0,0.82
7,106,107,0.0,0,20990.0,20990.0,1.0,0.836
7,107,108,7.862565040588379,1,21187.0,21187.0,1.0,0.7801374349594116
7,108,109,7.494612693786621,1,21427.0,21427.0,1.0,0.9525053873062134
7,109,110,0.0,0,21665.0,21665.0,1.0,0.952
7,110,111,0.0,0,21874.0,21874.0,1.0,0.836
7,111,112,0.0,0,22088.0,22088.0,1.0,0.856
7,112,113,48.6272292137146,4,22308.0,22308.0,1.0,0.8313727707862854
7,113,114,0.0,0,22639.0,22639.0,1.0,1.324
7,114,115,55.407060861587524,6,22919.0,22919.0,1.0,1.0645929391384126
7,115,116,20.93658685684204,2,23191.0,23191.0,1.0,1.067063413143158
7,116,117,17.01949954032898,1,23390.0,23390.0,1.0,0.778980500459671
7,117,118,0.0,0,23579.0,23579.0,1.0,0.756
7,118,119,24.978957653045654,2,23761.0,23761.0,1.0,0.7030210423469544
7,119,120,0.0,0,23906.0,23906.0,1.0,0.58
7,120,121,61.51142191886902,4,24065.0,24065.0,1.0,0.574488578081131
7,121,122,0.0,0,24200.0,24200.0,1.0,0.54
7,122,123,16.094570636749268,2,24313.0,24313.0,1.0,0.4359054293632507
7,123,124,0.0,0,24454.0,24454.0,1.0,0.564
7,124,125,36.3374662399292,4,24586.0,24586.0,1.0,0.4916625337600708
7,125,126,14.211222171783447,2,24725.0,24725.0,1.0,0.5417887778282166
7,126,127,12.626386642456055,1,24879.0,24879.0,1.0,0.6033736133575439
7,127,128,0.0,0,25094.0,25094.0,1.0,0.86
7,128,129,0.0,0,25348.0,25348.0,1.0,1.016
7,129,130,0.0,0,25561.0,25561.0,1.0,0.852
7,130,131,0.0,0,25769.0,25769.0,1.0,0.832
7,131,132,19.031102657318115,2,25976.0,25976.0,1.0,0.8089688973426818
7,132,133,0.0,0,26210.0,26210.0,1.0,0.936
7,133,134,61.7686824798584,6,26438.0,26438.0,1.0,0.8502313175201416
7,134,135,13.264587879180908,2,26687.0,26687.0,1.0,0.982735412120819
7,135,136,13.176033973693848,2,26909.0,26909.0,1.0,0.8748239660263062
7,136,137,10.673870086669922,1,27148.0,27148.0,1.0,0.9453261299133301
7,137,138,10.551778078079224,1,27434.0,27434.0,1.0,1.1334482219219209
7,138,139,26.191805601119995,3,27745.0,27745.0,1.0,1.21780819439888
7,139,140,0.0,0,27973.0,27973.0,1.0,0.912
7,140,141,0.0,0,28176.0,28176.0,1.0,0.812
7,141,142,0.0,0,28369.0,28369.0,1.0,0.772
7,142,143,0.0,0,28547.0,28547.0,1.0,0.712
7,143,144,11.899279594421387,2,28705.0,28705.0,1.0,0.6201007204055786
7,144,145,18.155131340026855,2,28837.0,28837.0,1.0,0.5098448686599731
7,145,146,0.0,0,28966.0,28966.0,1.0,0.516
7,146,147,0.0,0,29078.0,29078.0,1.0,0.448
7,147,148,0.0,0,29205.0,29205.0,1.0,0.508
7,148,149,6.46521520614624,1,29310.0,29310.0,1.0,0.41353478479385375
7,149,150,0.0,0,29440.0,29440.0,1.0,0.52
7,150,151,0.0,0,29608.0,29608.0,1.0,0.672
7,151,152,40.14877200126648,2,29797.0,29797.0,1.0,0.7158512279987336
7,152,153,13.624730110168457,2,30071.0,30071.0,1.0,1.0823752698898315
7,153,154,8.040014266967773,1,30251.0,30251.0,1.0,0.7119599857330322
7,154,155,21.30797028541565,2,30453.0,30453.0,1.0,0.7866920297145843
7,155,156,0.0,0,30640.0,30640.0,1.0,0.748
7,156,157,11.34943962097168,1,30874.0,30874.0,1.0,0.9246505603790284
7,157,158,0.0,0,31100.0,31100.0,1.0,0.904
7,158,159,20.28170394897461,2,31339.0,31339.0,1.0,0.9357182960510254
7,159,160,17.650694847106934,1,31578.0,31578.0,1.0,0.938349305152893
7,160,161,17.350875854492188,2,31838.0,31838.0,1.0,1.0226491241455078
7,161,162,50.9305100440979,3,32168.0,32168.0,1.0,1.269069489955902
7,162,163,31.60116195678711,2,32447.0,32447.0,1.0,1.0843988380432128
7,163,164,46.1014506816864,4,32698.0,32698.0,1.0,0.9578985493183136
7,164,165,0.0,0,32905.0,32905.0,1.0,0.828
7,165,166,0.0,0,33101.0,33101.0,1.0,0.784
7,166,167,18.752635717391968,2,33296.0,33296.0,1.0,0.7612473642826081
7,167,168,16.536856412887573,2,33476.0,33476.0,1.0,0.7034631435871124
8,0,1,0.0,0,154.0,154.0,1.0,0.616
8,1,2,0.0,0,292.0,292.0,1.0,0.552
8,2,3,0.0,0,402.0,402.0,1.0,0.44
8,3,4,0.0,0,528.0,528.0,1.0,0.504
8,4,5,0.0,0,645.0,645.0,1.0,0.468
8,5,6,0.0,0,793.0,793.0,1.0,0.592
8,6,7,0.0,0,945.0,945.0,1.0,0.608
8,7,8,0.0,0,1165.0,1165.0,1.0,0.88
8,8,9,0.0,0,1401.0,1401.0,1.0,0.944
8,9,10,19.655637502670288,2,1609.0,1609.0,1.0,0.8123443624973297
8,10,11,0.0,0,1809.0,1809.0,1.0,0.8
8,11,12,18.07193398475647,2,2011.0,2011.0,1.0,0.7899280660152436
8,12,13,0.0,0,2221.0,2221.0,1.0,0.84
8,13,14,7.1399126052856445,1,2437.0,2437.0,1.0,0.8568600873947143
8,14,15,17.853035926818848,2,2651.0,2651.0,1.0,0.8381469640731811
8,15,16,15.767476558685303,1,2890.0,2890.0,1.0,0.9402325234413147
8,16,17,19.77420425415039,2,3162.0,3162.0,1.0,1.0682257957458496
8,17,18,0.0,0,3459.0,3459.0,1.0,1.188
8,18,19,0.0,0,3737.0,3737.0,1.0,1.112
8,19,20,62.96052408218384,6,3978.0,3978.0,1.0,0.9010394759178162
8,20,21,0.0,0,4192.0,4192.0,1.0,0.856
8,21,22,0.0,0,4385.0,4385.0,1.0,0.772
8,22,23,0.0,0,4579.0,4579.0,1.0,0.776
8,23,24,22.96402335166931,2,4716.0,4716.0,1.0,0.5250359766483307
8,24,25,19.78948187828064,2,4838.0,4838.0,1.0,0.4682105181217194
8,25,26,0.0,0,4972.0,4972.0,1.0,0.536
8,26,27,49.67535364627838,6,5083.0,5083.0,1.0,0.3943246463537216
8,27,28,0.0,0,5202.0,5202.0,1.0,0.476
8,28,29,0.0,0,5329.0,5329.0,1.0,0.508
8,29,30,11.30123496055603,2,5456.0,5456.0,1.0,0.496698765039444
8,30,31,0.0,0,5595.0,5595.0,1.0,0.556
8,31,32,0.0,0,5826.0,5826.0,1.0,0.924
8,32,33,38.450865507125854,4,6126.0,6126.0,1.0,1.1615491344928741
8,33,34,58.21416783332825,6,6336.0,6336.0,1.0,0.7817858321666717
8,34,35,0.0,0,6531.0,6531.0,1.0,0.78
8,35,36,0.0,0,6725.0,6725.0,1.0,0.776
8,36,37,0.0,0,6970.0,6970.0,1.0,0.98
8,37,38,0.0,0,7191.0,7191.0,1.0,0.884
8,38,39,8.890198230743408,1,7387.0,7387.0,1.0,0.7751098017692566
8,39,40,0.0,0,7608.0,7608.0,1.0,0.884
8,40,41,20.889334678649902,2,7847.0,7847.0,1.0,0.9351106653213501
8,41,42,13.560569286346436,1,8141.0,8141.0,1.0,1.1624394307136536
8,42,43,8.830456733703613,1,8415.0,8415.0,1.0,1.0871695432662964
8,43,44,10.764245986938477,1,8644.0,8644.0,1.0,0.9052357540130616
8,44,45,17.479718923568726,2,8844.0,8844.0,1.0,0.7825202810764312
8,45,46,7.488393783569336,1,9031.0,9031.0,1.0,0.7405116062164306
8,46,47,16.827658653259277,2,9210.0,9210.0,1.0,0.6991723413467408
8,47,48,21.2782301902771,2,9368.0,9368.0,1.0,0.6107217698097229
8,48,49,13.321058750152588,1,9514.0,9514.0,1.0,0.5706789412498474
8,49,50,11.45147967338562,1,9652.0,9652.0,1.0,0.5405485203266144
8,50,51,0.0,0,9763.0,9763.0,1.0,0.444
8,51,52,0.0,0,9873.0,9873.0,1.0,0.44
8,52,53,0.0,0,10019.0,10019.0,1.0,0.584
8,53,54,20.443533420562744,2,10140.0,10140.0,1.0,0.4635564665794373
8,54,55,0.0,0,10297.0,10297.0,1.0,0.628
8,55,56,0.0,0,10503.0,10503.0,1.0,0.824
8,56,57,0.0,0,10727.0,10727.0,1.0,0.896
8,57,58,0.0,0,10939.0,10939.0,1.0,0.848
8,58,59,17.12904119491577,2,11125.0,11125.0,1.0,0.7268709588050842
8,59,60,0.0,0,11333.0,11333.0,1.0,0.832
8,60,61,6.400151252746582,1,11540.0,11540.0,1.0,0.8215998487472534
8,61,62,0.0,0,11747.0,11747.0,1.0,0.828
8,62,63,48.37365782260895,4,11976.0,11976.0,1.0,0.8676263421773911
8,63,64,0.0,0,12164.0,12164.0,1.0,0.752
8,64,65,21.28372013568878,2,12416.0,12416.0,1.0,0.9867162798643112
8,65,66,47.348881244659424,4,12733.0,12733.0,1.0,1.2206511187553406
8,66,67,31.730356454849243,2,13053.0,13053.0,1.0,1.2482696435451508
8,67,68,7.568787097930908,1,13305.0,13305.0,1.0,1.0004312129020692
8,68,69,14.217734336853027,1,13525.0,13525.0,1.0,0.865782265663147
8,69,70,0.0,0,13737.0,13737.0,1.0,0.848
8,70,71,29.4424409866333,3,13912.0,13912.0,1.0,0.6705575590133667
8,71,72,0.0,0,14081.0,14081.0,1.0,0.676
8,72,73,15.422832489013672,2,14214.0,14214.0,1.0,0.5165771675109864
8,73,74,0.0,0,14339.0,14339.0,1.0,0.5
8,74,75,0.0,0,14467.0,14467.0,1.0,0.512
8,75,76,9.905080199241638,1,14585.0,14585.0,1.0,0.46209491980075834
8,76,77,16.538314819335938,1,14704.0,14704.0,1.0,0.45946168518066405
8,77,78,7.09456729888916,1,14828.0,14828.0,1.0,0.48890543270111086
8,78,79,0.0,0,14972.0,14972.0,1.0,0.576
8,79,80,34.59155559539795,4,15161.0,15161.0,1.0,0.7214084444046021
8,80,81,13.583079814910889,2,15427.0,15427.0,1.0,1.050416920185089
8,81,82,67.00706779956818,6,15631.0,15631.0,1.0,0.7489929322004318
8,82,83,0.0,0,15799.0,15799.0,1.0,0.672
8,83,84,0.0,0,15991.0,15991.0,1.0,0.768
8,84,85,0.0,0,16222.0,16222.0,1.0,0.924
8,85,86,4.932274341583252,1,16458.0,16458.0,1.0,0.9390677256584168
8,86,87,0.0,0,16700.0,16700.0,1.0,0.968
8,87,88,0.0,0,16928.0,16928.0,1.0,0.912
8,88,89,7.57904577255249,1,17170.0,17170.0,1.0,0.9604209542274476
8,89,90,0.0,0,17447.0,17447.0,1.0,1.108
8,90,91,22.146151065826416,1,17738.0,17738.0,1.0,1.1418538489341736
8,91,92,0.0,0,17957.0,17957.0,1.0,0.876
8,92,93,0.0,0,18165.0,18165.0,1.0,0.832
8,93,94,15.30650019645691,1,18364.0,18364.0,1.0,0.7806934998035431
8,94,95,46.1736034154892,4,18525.0,18525.0,1.0,0.5978263965845108
8,95,96,18.134114742279053,1,18689.0,18689.0,1.0,0.6378658852577209
8,96,97,0.0,0,18835.0,18835.0,1.0,0.584
8,97,98,0.0,0,18966.0,18966.0,1.0,0.524
8,98,99,19.712836742401123,1,19101.0,19101.0,1.0,0.5202871632575988
8,99,100,7.0370893478393555,1,19225.0,19225.0,1.0,0.48896291065216063
8,100,101,0.0,0,19358.0,19358.0,1.0,0.532
8,101,102,0.0,0,19496.0,19496.0,1.0,0.552
8,102,103,0.0,0,19657.0,19657.0,1.0,0.644
8,103,104,27.558818340301514,2,19875.0,19875.0,1.0,0.8444411816596985
8,104,105,11.228195190429688,2,20173.0,20173.0,1.0,1.1807718048095703
8,105,106,11.310411930084229,1,20413.0,20413.0,1.0,0.9486895880699158
8,106,107,0.0,0,20611.0,20611.0,1.0,0.792
8,107,108,0.0,0,20817.0,20817.0,1.0,0.824
8,108,109,9.493507146835327,2,21064.0,21064.0,1.0,0.9785064928531647
8,109,110,0.0,0,21307.0,21307.0,1.0,0.972
8,110,111,24.974163055419922,2,21502.0,21502.0,1.0,0.75502583694458
8,111,112,24.057649970054626,3,21708.0,21708.0,1.0,0.7999423500299454
8,112,113,51.84985303878784,4,21958.0,21958.0,1.0,0.9481501469612121
8,113,114,0.0,0,22269.0,22269.0,1.0,1.244
8,114,115,3.2062032222747803,1,22561.0,22561.0,1.0,1.1647937967777253
8,115,116,0.0,0,22780.0,22780.0,1.0,0.876
8,116,117,45.65287494659424,4,22982.0,22982.0,1.0,0.7623471250534057
8,117,118,29.374839067459106,2,23164.0,23164.0,1.0,0.6986251609325409
8,118,119,5.824107646942139,1,23328.0,23328.0,1.0,0.6501758923530578
8,119,120,0.0,0,23493.0,23493.0,1.0,0.66
8,120,121,13.948302268981934,2,23613.0,23613.0,1.0,0.46605169773101807
8,121,122,22.68188738822937,2,23748.0,23748.0,1.0,0.5173181126117706
8,122,123,0.0,0,23870.0,23870.0,1.0,0.488
8,123,124,0.0,0,23974.0,23974.0,1.0,0.416
8,124,125,13.059983491897583,2,24107.0,24107.0,1.0,0.5189400165081024
8,125,126,0.0,0,24258.0,24258.0,1.0,0.604
8,126,127,7.169369459152222,1,24407.0,24407.0,1.0,0.5888306305408478
8,127,128,15.286625862121582,1,24617.0,24617.0,1.0,0.8247133741378784
8,128,129,0.0,0,24885.0,24885.0,1.0,1.072
8,129,130,11.928553819656372,1,25077.0,25077.0,1.0,0.7560714461803436
8,130,131,13.990696907043457,1,25283.0,25283.0,1.0,0.8100093030929565
8,131,132,50.75037670135498,4,25505.0,25505.0,1.0,0.837249623298645
8,132,133,0.0,0,25733.0,25733.0,1.0,0.912
8,133,134,18.281710147857666,2,25954.0,25954.0,1.0,0.8657182898521424
8,134,135,14.048444747924805,1,26187.0,26187.0,1.0,0.9179515552520752
8,135,136,18.618491411209106,2,26388.0,26388.0,1.0,0.7853815085887909
8,136,137,0.0,0,26618.0,26618.0,1.0,0.92
8,137,138,38.95786929130554,2,26919.0,26919.0,1.0,1.1650421307086944
8,138,139,28.097416877746582,2,27214.0,27214.0,1.0,1.1519025831222534
8,139,140,66.99665021896362,4,27476.0,27476.0,1.0,0.9810033497810364
8,140,141,26.208577632904053,3,27706.0,27706.0,1.0,0.893791422367096
8,141,142,0.0,0,27896.0,27896.0,1.0,0.76
8,142,143,0.0,0,28048.0,28048.0,1.0,0.608
8,143,144,23.6791033744812,1,28194.0,28194.0,1.0,0.5603208966255188
8,144,145,7.596562385559082,1,28337.0,28337.0,1.0,0.5644034376144409
8,145,146,0.0,0,28475.0,28475.0,1.0,0.552
8,146,147,0.0,0,28597.0,28597.0,1.0,0.488
8,147,148,0.0,0,28710.0,28710.0,1.0,0.452
8,148,149,0.0,0,28822.0,28822.0,1.0,0.448
8,149,150,0.0,0,28963.0,28963.0,1.0,0.564
8,150,151,14.203701972961426,1,29094.0,29094.0,1.0,0.5097962980270385
8,151,152,18.05054998397827,2,29303.0,29303.0,1.0,0.8179494500160217
8,152,153,6.711307525634766,1,29543.0,29543.0,1.0,0.9532886924743652
8,153,154,0.0,0,29765.0,29765.0,1.0,0.888
8,154,155,15.768740177154541,2,29954.0,29954.0,1.0,0.7402312598228454
8,155,156,18.190275192260742,2,30151.0,30151.0,1.0,0.7698097248077392
8,156,157,7.0114216804504395,1,30365.0,30365.0,1.0,0.8489885783195495
8,157,158,8.694021463394165,1,30562.0,30562.0,1.0,0.7793059785366059
8,158,159,19.986188411712646,1,30768.0,30768.0,1.0,0.8040138115882873
8,159,160,0.0,0,31008.0,31008.0,1.0,0.96
8,160,161,6.247030258178711,1,31252.0,31252.0,1.0,0.9697529697418212
8,161,162,9.434041023254395,1,31569.0,31569.0,1.0,1.2585659589767455
8,162,163,41.58818030357361,3,31860.0,31860.0,1.0,1.1224118196964263
8,163,164,12.050695061683655,2,32102.0,32102.0,1.0,0.9559493049383163
8,164,165,14.469512701034546,1,32311.0,32311.0,1.0,0.8215304872989655
8,165,166,13.468598008155823,2,32510.0,32510.0,1.0,0.7825314019918441
8,166,167,0.0,0,32668.0,32668.0,1.0,0.632
8,167,168,0.0,0,32839.0,32839.0,1.0,0.684
9,0,1,0.0,0,137.0,137.0,1.0,0.548
9,1,2,0.0,0,257.0,257.0,1.0,0.48
9,2,3,0.0,0,397.0,397.0,1.0,0.56
9,3,4,0.0,0,532.0,532.0,1.0,0.54
9,4,5,0.0,0,663.0,663.0,1.0,0.524
9,5,6,0.0,0,794.0,794.0,1.0,0.524
9,6,7,0.0,0,945.0,945.0,1.0,0.604
9,7,8,0.0,0,1164.0,1164.0,1.0,0.876
9,8,9,7.486400604248047,1,1436.0,1436.0,1.0,1.080513599395752
9,9,10,5.866215229034424,1,1633.0,1633.0,1.0,0.7821337847709656
9,10,11,62.49119257926941,7,1822.0,1822.0,1.0,0.6935088074207306
9,11,12,22.133188247680664,3,2007.0,2007.0,1.0,0.7178668117523194
9,12,13,8.776996612548828,1,2237.0,2237.0,1.0,0.9112230033874512
9,13,14,18.2827787399292,2,2451.0,2451.0,1.0,0.8377172212600708
9,14,15,48.790119647979736,4,2646.0,2646.0,1.0,0.7312098803520203
9,15,16,0.0,0,2863.0,2863.0,1.0,0.868
9,16,17,7.290706634521484,1,3094.0,3094.0,1.0,0.9167092933654785
9,17,18,8.210902214050293,1,3366.0,3366.0,1.0,1.0797890977859497
9,18,19,0.0,0,3697.0,3697.0,1.0,1.324
9,19,20,25.721403121948242,1,3938.0,3938.0,1.0,0.9382785968780517
9,20,21,0.0,0,4146.0,4146.0,1.0,0.832
9,21,22,14.376649856567383,1,4341.0,4341.0,1.0,0.7656233501434326
9,22,23,32.443299770355225,2,4521.0,4521.0,1.0,0.6875567002296448
9,23,24,29.259451150894165,2,4678.0,4678.0,1.0,0.5987405488491059
9,24,25,0.0,0,4845.0,4845.0,1.0,0.668
9,25,26,16.673008918762207,2,4971.0,4971.0,1.0,0.4873269910812378
9,26,27,0.0,0,5091.0,5091.0,1.0,0.48
9,27,28,11.367484331130981,1,5213.0,5213.0,1.0,0.476632515668869
9,28,29,0.0,0,5338.0,5338.0,1.0,0.5
9,29,30,7.0613508224487305,1,5471.0,5471.0,1.0,0.5249386491775513
9,30,31,0.0,0,5624.0,5624.0,1.0,0.612
9,31,32,0.0,0,5821.0,5821.0,1.0,0.788
9,32,33,3.812474012374878,1,6084.0,6084.0,1.0,1.0481875259876252
9,33,34,0.0,0,6301.0,6301.0,1.0,0.868
9,34,35,0.0,0,6496.0,6496.0,1.0,0.78
9,35,36,0.0,0,6695.0,6695.0,1.0,0.796
9,36,37,8.963279724121094,1,6904.0,6904.0,1.0,0.8270367202758789
9,37,38,26.14941120147705,2,7151.0,7151.0,1.0,0.9618505887985229
9,38,39,24.101799726486206,3,7399.0,7399.0,1.0,0.9678982002735138
9,39,40,0.0,0,7617.0,7617.0,1.0,0.872
9,40,41,30.355472087860107,2,7885.0,7885.0,1.0,1.0416445279121398
9,41,42,0.0,0,8184.0,8184.0,1.0,1.196
9,42,43,10.497216939926147,1,8439.0,8439.0,1.0,1.0095027830600738
9,43,44,24.758026123046875,2,8676.0,8676.0,1.0,0.9232419738769532
9,44,45,0.0,0,8884.0,8884.0,1.0,0.832
9,45,46,6.11498498916626,1,9066.0,9066.0,1.0,0.7218850150108337
9,46,47,0.0,0,9237.0,9237.0,1.0,0.684
9,47,48,12.798954963684082,2,9376.0,9376.0,1.0,0.5432010450363159
9,48,49,0.0,0,9516.0,9516.0,1.0,0.56
9,49,50,0.0,0,9643.0,9643.0,1.0,0.508
9,50,51,0.0,0,9780.0,9780.0,1.0,0.548
9,51,52,6.379249572753906,1,9903.0,9903.0,1.0,0.4856207504272461
9,52,53,0.0,0,10011.0,10011.0,1.0,0.432
9,53,54,16.346050024032593,2,10132.0,10132.0,1.0,0.46765394997596743
9,54,55,0.0,0,10291.0,10291.0,1.0,0.636
9,55,56,0.0,0,10469.0,10469.0,1.0,0.712
9,56,57,25.827890396118164,2,10709.0,10709.0,1.0,0.9341721096038819
9,57,58,13.446060180664062,1,10930.0,10930.0,1.0,0.8705539398193359
9,58,59,0.0,0,11112.0,11112.0,1.0,0.728
9,59,60,0.0,0,11313.0,11313.0,1.0,0.804
9,60,61,26.53402066230774,2,11540.0,11540.0,1.0,0.8814659793376922
9,61,62,47.82486939430237,4,11784.0,11784.0,1.0,0.9281751306056977
9,62,63,8.015987396240234,1,11995.0,11995.0,1.0,0.8359840126037598
9,63,64,14.10602331161499,1,12216.0,12216.0,1.0,0.869893976688385
9,64,65,11.04831337928772,2,12432.0,12432.0,1.0,0.8529516866207123
9,65,66,6.2067646980285645,1,12722.0,12722.0,1.0,1.1537932353019715
9,66,67,52.79118824005127,6,12982.0,12982.0,1.0,0.9872088117599487
9,67,68,0.0,0,13220.0,13220.0,1.0,0.952
9,68,69,11.774119973182678,2,13412.0,13412.0,1.0,0.7562258800268173
9,69,70,71.44393539428711,4,13593.0,13593.0,1.0,0.6525560646057129
9,70,71,0.0,0,13750.0,13750.0,1.0,0.628
9,71,72,0.0,0,13908.0,13908.0,1.0,0.632
9,72,73,9.368589401245117,1,14039.0,14039.0,1.0,0.5146314105987548
9,73,74,0.0,0,14148.0,14148.0,1.0,0.436
9,74,75,20.82521080970764,2,14268.0,14268.0,1.0,0.45917478919029237
9,75,76,7.170339345932007,1,14372.0,14372.0,1.0,0.408829660654068
9,76,77,0.0,0,14476.0,14476.0,1.0,0.416
9,77,78,0.0,0,14606.0,14606.0,1.0,0.52
9,78,79,52.09546661376953,6,14735.0,14735.0,1.0,0.46390453338623044
9,79,80,0.0,0,14945.0,14945.0,1.0,0.84
9,80,81,0.0,0,15227.0,15227.0,1.0,1.128
9,81,82,12.38175106048584,2,15439.0,15439.0,1.0,0.8356182489395142
9,82,83,0.0,0,15626.0,15626.0,1.0,0.748
9,83,84,0.0,0,15828.0,15828.0,1.0,0.808
9,84,85,10.680760860443115,1,16026.0,16026.0,1.0,0.7813192391395569
9,85,86,6.913212060928345,1,16242.0,16242.0,1.0,0.8570867879390717
9,86,87,10.322814702987671,1,16462.0,16462.0,1.0,0.8696771852970123
9,87,88,42.877384662628174,4,16678.0,16678.0,1.0,0.8211226153373719
9,88,89,9.714935302734375,1,16920.0,16920.0,1.0,0.9582850646972656
9,89,90,0.0,0,17254.0,17254.0,1.0,1.336
9,90,91,20.97568702697754,2,17543.0,17543.0,1.0,1.1350243129730224
9,91,92,56.68491053581238,4,17789.0,17789.0,1.0,0.9273150894641876
9,92,93,0.0,0,18040.0,18040.0,1.0,1.004
9,93,94,0.0,0,18199.0,18199.0,1.0,0.636
9,94,95,9.169366121292114,1,18400.0,18400.0,1.0,0.7948306338787079
9,95,96,0.0,0,18557.0,18557.0,1.0,0.628
9,96,97,30.611496925354004,3,18696.0,18696.0,1.0,0.525388503074646
9,97,98,10.178435325622559,1,18814.0,18814.0,1.0,0.46182156467437746
9,98,99,13.348969101905823,2,18932.0,18932.0,1.0,0.45865103089809417
9,99,100,0.0,0,19054.0,19054.0,1.0,0.488
9,100,101,0.0,0,19190.0,19190.0,1.0,0.544
9,101,102,0.0,0,19336.0,19336.0,1.0,0.584
9,102,103,16.178747177124023,2,19462.0,19462.0,1.0,0.487821252822876
9,103,104,3.820451259613037,1,19657.0,19657.0,1.0,0.776179548740387
9,104,105,41.077107429504395,2,19952.0,19952.0,1.0,1.1389228925704955
9,105,106,28.9636287689209,4,20173.0,20173.0,1.0,0.8550363712310791
9,106,107,25.615579843521118,2,20360.0,20360.0,1.0,0.7223844201564789
9,107,108,33.86877107620239,3,20578.0,20578.0,1.0,0.8381312289237977
9,108,109,62.325857639312744,4,20808.0,20808.0,1.0,0.8576741423606873
9,109,110,0.0,0,21038.0,21038.0,1.0,0.92
9,110,111,20.511929988861084,1,21248.0,21248.0,1.0,0.8194880700111389
9,111,112,13.850964546203613,2,21499.0,21499.0,1.0,0.9901490354537964
9,112,113,60.835609436035156,4,21756.0,21756.0,1.0,0.9671643905639649
9,113,114,6.749108076095581,1,22048.0,22048.0,1.0,1.1612508919239044
9,114,115,13.180540800094604,2,22378.0,22378.0,1.0,1.3068194591999054
9,115,116,19.3543643951416,2,22639.0,22639.0,1.0,1.0246456356048583
9,116,117,0.0,0,22881.0,22881.0,1.0,0.968
9,117,118,22.39814567565918,2,23067.0,23067.0,1.0,0.7216018543243409
9,118,119,0.0,0,23236.0,23236.0,1.0,0.676
9,119,120,20.72298812866211,2,23385.0,23385.0,1.0,0.5752770118713378
9,120,121,13.120152235031128,2,23510.0,23510.0,1.0,0.4868798477649689
9,121,122,0.0,0,23644.0,23644.0,1.0,0.536
9,122,123,0.0,0,23781.0,23781.0,1.0,0.548
9,123,124,22.536166191101074,2,23912.0,23912.0,1.0,0.5014638338088989
9,124,125,0.0,0,24025.0,24025.0,1.0,0.452
9,125,126,10.678688049316406,1,24136.0,24136.0,1.0,0.4333213119506836
9,126,127,0.0,0,24271.0,24271.0,1.0,0.54
9,127,128,0.0,0,24470.0,24470.0,1.0,0.796
9,128,129,0.0,0,24738.0,24738.0,1.0,1.072
9,129,130,49.573610067367554,6,24934.0,24934.0,1.0,0.7344263899326324
9,130,131,0.0,0,25149.0,25149.0,1.0,0.86
9,131,132,16.632407665252686,2,25348.0,25348.0,1.0,0.7793675923347473
9,132,133,25.482414722442627,2,25580.0,25580.0,1.0,0.9025175852775573
9,133,134,25.9740948677063,1,25807.0,25807.0,1.0,0.8820259051322937
9,134,135,55.99365448951721,4,26040.0,26040.0,1.0,0.8760063455104828
9,135,136,0.0,0,26254.0,26254.0,1.0,0.856
9,136,137,9.159168243408203,1,26499.0,26499.0,1.0,0.9708408317565917
9,137,138,22.21794319152832,2,26827.0,26827.0,1.0,1.2897820568084717
9,138,139,11.195034980773926,2,27105.0,27105.0,1.0,1.100804965019226
9,139,140,20.70249319076538,1,27363.0,27363.0,1.0,1.0112975068092347
9,140,141,7.107449531555176,1,27567.0,27567.0,1.0,0.8088925504684448
9,141,142,0.0,0,27733.0,27733.0,1.0,0.664
9,142,143,10.848332405090332,1,27895.0,27895.0,1.0,0.6371516675949097
9,143,144,6.819227457046509,1,28053.0,28053.0,1.0,0.6251807725429535
9,144,145,16.891407012939453,1,28226.0,28226.0,1.0,0.6751085929870605
9,145,146,14.578116416931152,2,28368.0,28368.0,1.0,0.5534218835830689
9,146,147,5.307663559913635,1,28503.0,28503.0,1.0,0.5346923364400864
9,147,148,0.0,0,28622.0,28622.0,1.0,0.476
9,148,149,0.0,0,28739.0,28739.0,1.0,0.468
9,149,150,0.0,0,28881.0,28881.0,1.0,0.568
9,150,151,9.694494009017944,1,29026.0,29026.0,1.0,0.5703055059909821
9,151,152,0.0,0,29222.0,29222.0,1.0,0.784
9,152,153,0.0,0,29486.0,29486.0,1.0,1.056
9,153,154,8.111209869384766,1,29695.0,29695.0,1.0,0.8278887901306152
9,154,155,23.114763736724854,2,29886.0,29886.0,1.0,0.7408852362632752
9,155,156,0.0,0,30086.0,30086.0,1.0,0.8
9,156,157,12.806817054748535,1,30308.0,30308.0,1.0,0.8751931829452515
9,157,158,23.67289400100708,4,30532.0,30532.0,1.0,0.8723271059989929
9,158,159,0.0,0,30734.0,30734.0,1.0,0.808
9,159,160,0.0,0,30958.0,30958.0,1.0,0.896
9,160,161,8.318535804748535,1,31194.0,31194.0,1.0,0.9356814641952514
9,161,162,0.0,0,31493.0,31493.0,1.0,1.196
9,162,163,98.91935831308365,8,31787.0,31787.0,1.0,1.0770806416869163
9,163,164,0.0,0,32010.0,32010.0,1.0,0.892
9,164,165,0.0,0,32223.0,32223.0,1.0,0.852
9,165,166,15.684879779815674,2,32412.0,32412.0,1.0,0.7403151202201843
9,166,167,0.0,0,32582.0,32582.0,1.0,0.68
9,167,168,7.1605024337768555,1,32727.0,32727.0,1.0,0.5728394975662231
10,0,1,0.0,0,146.0,146.0,1.0,0.584
10,1,2,0.0,0,287.0,287.0,1.0,0.564
10,2,3,0.0,0,416.0,416.0,1.0,0.516
10,3,4,0.0,0,523.0,523.0,1.0,0.428
10,4,5,0.0,0,660.0,660.0,1.0,0.548
10,5,6,0.0,0,785.0,785.0,1.0,0.5
10,6,7,0.0,0,918.0,918.0,1.0,0.532
10,7,8,0.0,0,1119.0,1119.0,1.0,0.804
10,8,9,0.0,0,1386.0,1386.0,1.0,1.068
10,9,10,47.43848896026611,4,1578.0,1578.0,1.0,0.7205615110397339
10,10,11,0.0,0,1776.0,1776.0,1.0,0.792
10,11,12,6.823459625244141,1,1978.0,1978.0,1.0,0.8011765403747558
10,12,13,0.0,0,2208.0,2208.0,1.0,0.92
10,13,14,7.59998631477356,1,2474.0,2474.0,1.0,1.0564000136852265
10,14,15,7.649281024932861,1,2693.0,2693.0,1.0,0.8683507189750671
10,15,16,7.849736213684082,1,2910.0,2910.0,1.0,0.8601502637863159
10,16,17,8.14069938659668,1,3159.0,3159.0,1.0,0.9878593006134033
10,17,18,35.3723521232605,3,3440.0,3440.0,1.0,1.0886276478767396
10,18,19,16.96886658668518,2,3703.0,3703.0,1.0,1.0350311334133149
10,19,20,0.0,0,3923.0,3923.0,1.0,0.88
10,20,21,0.0,0,4118.0,4118.0,1.0,0.78
10,21,22,35.81687688827515,3,4302.0,4302.0,1.0,0.7001831231117248
10,22,23,16.394718647003174,2,4492.0,4492.0,1.0,0.7436052813529969
10,23,24,0.0,0,4653.0,4653.0,1.0,0.644
10,24,25,6.655965328216553,1,4793.0,4793.0,1.0,0.5533440346717835
10,25,26,0.0,0,4936.0,4936.0,1.0,0.572
10,26,27,0.0,0,5066.0,5066.0,1.0,0.52
10,27,28,14.054630041122437,2,5204.0,5204.0,1.0,0.5379453699588775
10,28,29,19.74584174156189,2,5336.0,5336.0,1.0,0.5082541582584381
10,29,30,0.0,0,5433.0,5433.0,1.0,0.388
10,30,31,0.0,0,5582.0,5582.0,1.0,0.596
10,31,32,0.0,0,5808.0,5808.0,1.0,0.904
10,32,33,0.0,0,6091.0,6091.0,1.0,1.132
10,33,34,0.0,0,6288.0,6288.0,1.0,0.788
10,34,35,24.57934808731079,2,6466.0,6466.0,1.0,0.6874206519126892
10,35,36,7.197795867919922,1,6685.0,6685.0,1.0,0.8688022041320801
10,36,37,15.785073280334473,2,6884.0,6884.0,1.0,0.7802149267196655
10,37,38,0.0,0,7118.0,7118.0,1.0,0.936
10,38,39,44.537757873535156,4,7351.0,7351.0,1.0,0.8874622421264649
10,39,40,0.0,0,7565.0,7565.0,1.0,0.856
10,40,41,13.09526538848877,1,7792.0,7792.0,1.0,0.8949047346115112
10,41,42,0.0,0,8077.0,8077.0,1.0,1.14
10,42,43,19.575517416000366,2,8361.0,8361.0,1.0,1.1164244825839997
10,43,44,17.016952514648438,2,8592.0,8592.0,1.0,0.9069830474853515
10,44,45,20.380529165267944,2,8806.0,8806.0,1.0,0.8356194708347321
10,45,46,0.0,0,8998.0,8998.0,1.0,0.768
10,46,47,16.278563499450684,2,9194.0,9194.0,1.0,0.7677214365005494
10,47,48,21.6029109954834,2,9350.0,9350.0,1.0,0.6023970890045166
10,48,49,13.175739049911499,2,9489.0,9489.0,1.0,0.5428242609500885
10,49,50,0.0,0,9623.0,9623.0,1.0,0.536
10,50,51,17.651512145996094,2,9748.0,9748.0,1.0,0.4823484878540039
10,51,52,0.0,0,9888.0,9888.0,1.0,0.56
10,52,53,0.0,0,10020.0,10020.0,1.0,0.528
10,53,54,29.39895486831665,2,10160.0,10160.0,1.0,0.5306010451316834
10,54,55,0.0,0,10323.0,10323.0,1.0,0.652
10,55,56,51.60610294342041,6,10531.0,10531.0,1.0,0.7803938970565796
10,56,57,28.198899388313293,3,10782.0,10782.0,1.0,0.9758011006116867
10,57,58,9.199610710144043,1,10992.0,10992.0,1.0,0.830800389289856
10,58,59,0.0,0,11190.0,11190.0,1.0,0.792
10,59,60,0.0,0,11384.0,11384.0,1.0,0.776
10,60,61,0.0,0,11590.0,11590.0,1.0,0.824
10,61,62,16.35393476486206,1,11833.0,11833.0,1.0,0.955646065235138
10,62,63,8.179282188415527,1,12031.0,12031.0,1.0,0.7838207178115845
10,63,64,3.721982955932617,1,12257.0,12257.0,1.0,0.9002780170440674
10,64,65,8.738741874694824,1,12502.0,12502.0,1.0,0.9712612581253052
10,65,66,0.0,0,12811.0,12811.0,1.0,1.236
10,66,67,30.001263856887817,2,13096.0,13096.0,1.0,1.1099987361431123
10,67,68,0.0,0,13333.0,13333.0,1.0,0.948
10,68,69,36.24628019332886,3,13552.0,13552.0,1.0,0.8397537198066711
10,69,70,19.138848543167114,2,13767.0,13767.0,1.0,0.8408611514568329
10,70,71,0.0,0,13968.0,13968.0,1.0,0.804
10,71,72,14.84293818473816,2,14119.0,14119.0,1.0,0.5891570618152618
10,72,73,32.44737482070923,2,14254.0,14254.0,1.0,0.5075526251792908
10,73,74,14.441564083099365,1,14381.0,14381.0,1.0,0.49355843591690063
10,74,75,30.587536811828613,2,14511.0,14511.0,1.0,0.4894124631881714
10,75,76,0.0,0,14636.0,14636.0,1.0,0.5
10,76,77,0.0,0,14764.0,14764.0,1.0,0.512
10,77,78,23.5408718585968,2,14897.0,14897.0,1.0,0.5084591281414031
10,78,79,7.54664421081543,1,15079.0,15079.0,1.0,0.7204533557891846
10,79,80,0.0,0,15297.0,15297.0,1.0,0.872
10,80,81,0.0,0,15570.0,15570.0,1.0,1.092
10,81,82,14.665417671203613,2,15784.0,15784.0,1.0,0.8413345823287964
10,82,83,47.56563758850098,6,15977.0,15977.0,1.0,0.724434362411499
10,83,84,0.0,0,16208.0,16208.0,1.0,0.924
10,84,85,12.376667022705078,1,16434.0,16434.0,1.0,0.8916233329772949
10,85,86,15.542330980300903,2,16622.0,16622.0,1.0,0.7364576690196991
10,86,87,22.54183053970337,1,16823.0,16823.0,1.0,0.7814581694602967
10,87,88,0.0,0,17026.0,17026.0,1.0,0.812
10,88,89,0.0,0,17257.0,17257.0,1.0,0.924
10,89,90,13.24480652809143,2,17576.0,17576.0,1.0,1.2627551934719086
10,90,91,26.366872787475586,2,17845.0,17845.0,1.0,1.0496331272125243
10,91,92,0.0,0,18068.0,18068.0,1.0,0.892
10,92,93,0.0,0,18268.0,18268.0,1.0,0.8
10,93,94,25.596184730529785,2,18448.0,18448.0,1.0,0.6944038152694703
10,94,95,0.0,0,18634.0,18634.0,1.0,0.744
10,95,96,0.0,0,18815.0,18815.0,1.0,0.724
10,96,97,40.06606721878052,4,18983.0,18983.0,1.0,0.6319339327812195
10,97,98,21.48914361000061,3,19133.0,19133.0,1.0,0.5785108563899994
10,98,99,0.0,0,19245.0,19245.0,1.0,0.448
10,99,100,0.0,0,19375.0,19375.0,1.0,0.52
10,100,101,12.664591073989868,1,19499.0,19499.0,1.0,0.4833354089260101
10,101,102,14.898117542266846,1,19637.0,19637.0,1.0,0.5371018824577332
10,102,103,18.281437873840332,2,19790.0,19790.0,1.0,0.5937185621261597
10,103,104,0.0,0,19970.0,19970.0,1.0,0.72
10,104,105,0.0,0,20226.0,20226.0,1.0,1.024
10,105,106,0.0,0,20453.0,20453.0,1.0,0.908
10,106,107,9.1583890914917,1,20637.0,20637.0,1.0,0.7268416109085083
10,107,108,0.0,0,20842.0,20842.0,1.0,0.82
10,108,109,25.841170072555542,2,21080.0,21080.0,1.0,0.9261588299274445
10,109,110,13.823124408721924,2,21298.0,21298.0,1.0,0.8581768755912781
10,110,111,0.0,0,21519.0,21519.0,1.0,0.884
10,111,112,19.112422943115234,1,21722.0,21722.0,1.0,0.7928875770568847
10,112,113,22.283122539520264,2,21971.0,21971.0,1.0,0.9737168774604797
10,113,114,0.0,0,22268.0,22268.0,1.0,1.188
10,114,115,9.789565086364746,1,22557.0,22557.0,1.0,1.1462104349136353
10,115,116,47.81677174568176,4,22784.0,22784.0,1.0,0.8601832282543183
10,116,117,7.764269113540649,1,22991.0,22991.0,1.0,0.8202357308864594
10,117,118,12.77255916595459,2,23199.0,23199.0,1.0,0.8192274408340454
10,118,119,32.29983711242676,3,23366.0,23366.0,1.0,0.6357001628875733
10,119,120,16.82890772819519,1,23504.0,23504.0,1.0,0.5351710922718048
10,120,121,21.3353590965271,2,23653.0,23653.0,1.0,0.5746646409034729
10,121,122,0.0,0,23779.0,23779.0,1.0,0.504
10,122,123,55.15432071685791,4,23890.0,23890.0,1.0,0.38884567928314206
10,123,124,0.0,0,24015.0,24015.0,1.0,0.5
10,124,125,6.345335483551025,1,24132.0,24132.0,1.0,0.461654664516449
10,125,126,0.0,0,24275.0,24275.0,1.0,0.572
10,126,127,3.36065936088562,1,24450.0,24450.0,1.0,0.6966393406391144
10,127,128,0.0,0,24641.0,24641.0,1.0,0.764
10,128,129,13.807653427124023,2,24890.0,24890.0,1.0,0.982192346572876
10,129,130,0.0,0,25091.0,25091.0,1.0,0.804
10,130,131,13.792792797088623,2,25313.0,25313.0,1.0,0.8742072072029113
10,131,132,0.0,0,25505.0,25505.0,1.0,0.768
10,132,133,0.0,0,25726.0,25726.0,1.0,0.884
10,133,134,0.0,0,25966.0,25966.0,1.0,0.96
10,134,135,0.0,0,26197.0,26197.0,1.0,0.924
10,135,136,44.42346429824829,4,26427.0,26427.0,1.0,0.8755765357017518
10,136,137,0.0,0,26657.0,26657.0,1.0,0.92
10,137,138,37.404398679733276,4,26975.0,26975.0,1.0,1.2345956013202668
10,138,139,0.0,0,27239.0,27239.0,1.0,1.056
10,139,140,39.39893817901611,2,27460.0,27460.0,1.0,0.8446010618209839
10,140,141,55.27591371536255,5,27671.0,27671.0,1.0,0.7887240862846374
10,141,142,0.0,0,27855.0,27855.0,1.0,0.736
10,142,143,15.48775863647461,1,28019.0,28019.0,1.0,0.6405122413635254
10,143,144,27.862041234970093,2,28180.0,28180.0,1.0,0.6161379587650299
10,144,145,18.760509490966797,1,28327.0,28327.0,1.0,0.5692394905090332
10,145,146,13.24846887588501,2,28434.0,28434.0,1.0,0.414751531124115
10,146,147,0.0,0,28580.0,28580.0,1.0,0.584
10,147,148,0.0,0,28704.0,28704.0,1.0,0.496
10,148,149,13.54084825515747,2,28817.0,28817.0,1.0,0.4384591517448425
10,149,150,0.0,0,28907.0,28907.0,1.0,0.36
10,150,151,0.0,0,29052.0,29052.0,1.0,0.58
10,151,152,0.0,0,29258.0,29258.0,1.0,0.824
10,152,153,0.0,0,29527.0,29527.0,1.0,1.076
10,153,154,20.1679630279541,2,29722.0,29722.0,1.0,0.7598320369720459
10,154,155,32.77660512924194,4,29912.0,29912.0,1.0,0.727223394870758
10,155,156,0.0,0,30125.0,30125.0,1.0,0.852
10,156,157,0.0,0,30321.0,30321.0,1.0,0.784
10,157,158,25.12966561317444,2,30568.0,30568.0,1.0,0.9628703343868256
10,158,159,68.51397371292114,4,30759.0,30759.0,1.0,0.6954860262870789
10,159,160,0.0,0,31005.0,31005.0,1.0,0.984
10,160,161,7.782504081726074,1,31235.0,31235.0,1.0,0.912217495918274
10,161,162,10.966117858886719,1,31543.0,31543.0,1.0,1.2210338821411133
10,162,163,7.9024481773376465,1,31821.0,31821.0,1.0,1.1040975518226623
10,163,164,12.935681819915771,1,32052.0,32052.0,1.0,0.9110643181800843
10,164,165,11.637221813201904,2,32273.0,32273.0,1.0,0.8723627781867981
10,165,166,6.390460014343262,1,32471.0,32471.0,1.0,0.7856095399856567
10,166,167,0.0,0,32650.0,32650.0,1.0,0.716
10,167,168,19.908641576766968,1,32780.0,32780.0,1.0,0.500091358423233
